Phillis|Spires|pspires0@imgur.com|54-3047735|7a3147f6-7b4d-4cec-a0c4-3824333e9dc2
Yancy|Muddicliffe|ymuddicliffe1@bluehost.com|94-3861796|6e379782-66cd-450c-bce3-8780f82502ac
Teodora|Sillis|tsillis2@upenn.edu|67-7016170|9a69d6f4-f8bc-4da8-a2ad-398be20f0f77
Adrien|Withur|awithur3@seesaa.net|38-1034865|9b103ec0-7a16-4434-80b0-6e80bc2ac857
Clari|Shorey|cshorey4@answers.com|82-5306894|fafc4ee9-35c2-4d40-9d5d-274e8277e602
Rodolphe|Larcher|rlarcher5@posterous.com|98-2769302|a38d8109-ac03-4704-936b-3d463e809fad
Moina|Korda|mkorda6@networkadvertising.org|97-0519813|d9266193-7b2f-417b-9c21-f17041832bbf
Konstance|Izhakov|kizhakov7@vk.com|95-6652621|32387ffb-08b7-4c5f-8171-2c2745abcaa9
Bari|Goldsmith|bgoldsmith8@indiegogo.com|42-3320548|e93b7773-fd89-464b-afcb-b58283cac898
Tracy|Armand|tarmand9@usnews.com|32-6750277|8db820db-f0f6-42a5-8448-10155ef07bcf
Brear|Douse|bdousea@goodreads.com|93-5951854|f9cc6808-3770-40a8-83d9-1366d234759d
Kent|Smouten|ksmoutenb@phpbb.com|11-9327139|ea655caf-c0a3-4788-9a2f-e5896c40ae8e
Karl|Tetford|ktetfordc@latimes.com|77-7207071|3946f37f-29a0-4197-aba9-bbf20113efe4
Aurel|Grimestone|agrimestoned@who.int|04-0991328|119ac84d-a6c0-4a0b-bf60-50044c0c58e1
Corella|Haxby|chaxbye@moonfruit.com|10-3268316|0191528c-f200-4b79-8abb-95d449095dcc
Coleen|Abramovici|cabramovicif@craigslist.org|11-6058711|49f4a4b3-a608-449e-a704-5d479037bd27
Mycah|Braikenridge|mbraikenridgeg@bravesites.com|63-1007771|758e5b6a-7230-4f92-b43e-514ffdb82fde
Ferne|Nicely|fnicelyh@imgur.com|99-4850779|e0f4cd31-070e-4067-b0a7-d7ac69ba86dc
Ardella|McGeown|amcgeowni@vimeo.com|65-0924213|780c9282-5877-481f-b55b-0bf7296c3f23
Danila|Paynes|dpaynesj@columbia.edu|31-5095858|744d9d6a-b145-4e4c-a474-5e1318099e39
Lilllie|Finnis|lfinnisk@xing.com|38-7376370|be51d8fe-6298-4ee2-b67c-e05703f3e9c7
Domingo|Dessent|ddessentl@bigcartel.com|42-1156750|838d5489-ed45-4757-b4f4-c6d03de82a8b
Baxie|Tiplady|btipladym@prnewswire.com|23-7031132|df9cf8a3-e44d-4b8d-b859-1998dfe4593a
Gisele|Dunn|gdunnn@amazonaws.com|59-8580720|e7d72ed2-c0a1-4238-9a19-798871e98e1b
Dalton|Ludwig|dludwigo@i2i.jp|80-2190341|98c94831-6bc8-4fb9-accd-196578ce61a1
Kenneth|Inger|kingerp@ow.ly|89-1682200|6d8b612f-83df-4c59-8fc8-f585eaa7dc63
Egan|Skipworth|eskipworthq@skype.com|96-6777333|e89590cc-9cf2-49c7-9512-2afd716f8340
Alberik|Weson|awesonr@toplist.cz|75-1949908|850993c9-ddd0-453a-80f3-d39dc1fe085f
Benjamen|Sturgis|bsturgiss@sphinn.com|41-2767948|ba0df5c3-6ab5-4177-a15f-4743c2a68f21
Ertha|Georgievski|egeorgievskit@freewebs.com|79-7250283|d2a77c57-9fc6-4920-b59a-ccffaf31af03
Kania|Markson|kmarksonu@ftc.gov|93-0096865|1bf4218e-c654-42be-8f55-ea82873ce099
Almeda|Fairlem|afairlemv@globo.com|97-2235763|ac90e802-e152-4bb5-b28e-c0c76bc9ea78
Emmalee|Aluard|ealuardw@multiply.com|92-9540143|458690a9-5274-45d6-8566-bf8b33f7121e
Biron|Venmore|bvenmorex@nsw.gov.au|63-5820510|09eef33b-a98a-44ce-866f-61c52faff361
Alric|Ahmad|aahmady@discuz.net|24-1468410|7ba6aeb6-13a8-4d59-8e9a-22a2f3633aa0
Legra|Yakovl|lyakovlz@bbb.org|74-9899867|b3a2603d-ad5d-4d69-82a3-1d7482a9027a
Freemon|De Gouy|fdegouy10@msn.com|46-8536293|9be3a369-03f4-4428-ab6c-7aab54b351bb
Bobbe|Climance|bclimance11@typepad.com|30-9612826|02450bd8-9e28-4c48-83c4-cb71cf5c4199
Giuseppe|Mereweather|gmereweather12@tinypic.com|63-1828298|06b40be5-81a6-4b32-8dfe-4f25a47c203f
Anton|Kachel|akachel13@4shared.com|30-7810000|ba483c6c-659e-4a9f-987a-b8eb12745131
April|Jorck|ajorck14@washingtonpost.com|06-2373956|a317cd94-5e1f-4a5e-9048-be9a2695bee0
Danette|Huscroft|dhuscroft15@odnoklassniki.ru|57-7819941|063cd417-4dc6-4d30-8344-bae1319f3d03
Harlie|Carlyle|hcarlyle16@vk.com|07-8550160|78931f46-b955-4d92-9d40-8a49a565f5d6
Garrett|Nicholls|gnicholls17@dailymotion.com|20-3559831|986b7fd4-f4e2-4231-a86b-d23fef7eb319
Kassie|Matz|kmatz18@spiegel.de|24-7542885|7d0453be-6ba4-4d91-81f8-0484e157fe60
Rayna|Amiss|ramiss19@ucoz.ru|09-4682009|1903a8ca-8a46-467a-bb0c-620fed2e22ae
William|Baudasso|wbaudasso1a@opensource.org|51-1331308|390d14c0-7713-4219-bc1f-86f59644b8a2
Jess|Deware|jdeware1b@cornell.edu|33-7220222|da69ac0d-2619-41a6-83ec-3ba174eed611
Rosabel|Tibalt|rtibalt1c@google.ca|62-9381985|0fd90053-7317-4b25-8ae8-3b3a46a5f8b7
Binny|Toplis|btoplis1d@mayoclinic.com|41-3440792|d4bf5c4b-ef8c-481b-ad2e-53b93e893a0a
Reid|Varney|rvarney1e@reference.com|11-3985645|4f811cda-f1c7-4ec3-91d6-50cf57823a26
Shurlocke|Pury|spury1f@dailymotion.com|55-9718068|2d896a7b-a4d6-452f-83e2-3edd49f8f957
Karalynn|Large|klarge1g@house.gov|62-7042925|e66526d9-5c83-44a5-8d47-62840cc9618d
Mei|Caulcutt|mcaulcutt1h@vk.com|40-6227868|9597be84-0a39-45c2-8316-65fb2fd2df2c
Annetta|Leamon|aleamon1i@prnewswire.com|72-7098206|14f39f37-543d-419e-8890-b41f8f5bbe84
Seward|Cornborough|scornborough1j@barnesandnoble.com|03-4700859|abfe91ce-f1e3-44a8-b3d8-d8e3169b1997
Dallis|Emmett|demmett1k@uiuc.edu|08-7222498|dd8f37a8-3db4-43dd-9dde-bdd805a51181
Beryle|Down|bdown1l@nature.com|00-5846246|95edb77b-8b29-4cb3-aadd-25945c5414e9
Hurley|Grishukhin|hgrishukhin1m@yellowbook.com|02-7799904|bbe4dc12-30be-47b3-af3c-561d41a519d9
Henrie|Abrahart|habrahart1n@shinystat.com|16-9843228|2f68262c-d7bf-40dc-bad8-a4a029a237c4
Oralie|Anderer|oanderer1o@youtu.be|04-7052758|a5e091d9-dcfc-442e-9dde-27b7a7014908
Gustaf|London|glondon1p@paypal.com|95-2048635|94330821-d5aa-4e24-bcd8-d51a6b4f1f7b
Colette|Seyler|cseyler1q@hhs.gov|23-6724479|294d2ce1-25df-4c52-bf87-d51739d26618
Garth|Manolov|gmanolov1r@nba.com|86-9658925|03b95fb4-a034-46ed-b924-dad468ce8a96
Desi|Milstead|dmilstead1s@domainmarket.com|40-6318059|8e8db563-bc65-459f-a99d-80cbfc98ff0a
Sherm|Tulloch|stulloch1t@nymag.com|73-2446820|02e935a0-cb7e-4cbb-8162-d7676e235db8
Ozzy|Standidge|ostandidge1u@upenn.edu|96-3723075|b69ca8d9-6508-4a6c-8af1-f1ececa28790
Arly|Doogan|adoogan1v@reuters.com|11-7807129|e3032df7-b19a-4c59-974c-7df09cfd145b
Boy|Insley|binsley1w@liveinternet.ru|94-5576740|4c844ac2-c1d1-437b-970f-6f8d1c47bed0
Jimmie|Lambourn|jlambourn1x@stanford.edu|00-1461907|622bc8f4-82a5-41b2-800c-e2c8f66c32c7
Rab|Lukasik|rlukasik1y@1und1.de|96-7522584|1fce1cc4-a6c1-43df-abf7-55944307ed27
Alison|Trolley|atrolley1z@jiathis.com|95-3911491|01dea145-f7c2-43b0-b519-d908da4982b3
Elna|Sacchetti|esacchetti20@symantec.com|46-7473653|6b8735bd-e479-4b65-b354-515259abd801
Cordell|Roscow|croscow21@1und1.de|41-6062643|53f7c71f-a69b-47bb-9b0f-3a9bca2e18e1
Brennen|Tegler|btegler22@edublogs.org|78-9338841|a122d846-d1d9-458d-af6a-37bd5fe893f2
Etheline|Wybourne|ewybourne23@qq.com|57-8112481|76052419-9ccc-49ee-9fae-9f702031b55f
Des|Maryska|dmaryska24@yandex.ru|97-8838768|b660805a-f754-44b2-87d0-db2a2670bd5f
Vyky|Melbourn|vmelbourn25@joomla.org|90-7865034|44f9446a-3c6b-41e9-b09a-a3a4467dd71a
Davon|Caldron|dcaldron26@digg.com|06-0456473|0b527a55-71a7-4741-956d-ff3e61bf83cc
Dell|Lippitt|dlippitt27@flickr.com|45-9248051|26943a05-c0f9-4435-8e69-79e7cf5eed74
Sandor|Ree|sree28@topsy.com|95-4283113|064d31d9-136c-4a0d-86de-ac32cbb0a7a5
Julienne|Kleiser|jkleiser29@angelfire.com|01-8073180|25e6f9bc-7f5a-465f-b4c7-6676d922b553
Malia|Sainteau|msainteau2a@parallels.com|94-5813324|30a39931-37e6-400d-a2a1-7c68c6c8ff6d
Ave|Riddell|ariddell2b@dedecms.com|19-1088073|916df31e-8329-49ba-8d47-b00e35968516
Harold|Jachtym|hjachtym2c@tmall.com|38-0804845|cecc04a5-798a-42bd-a08e-3dc6de87931b
Konstantine|Hawker|khawker2d@imageshack.us|28-3673449|fc635341-30d5-4e2a-9fbf-db7aaa3771ba
Naomi|Lillgard|nlillgard2e@accuweather.com|81-6547401|0bae6e60-8b16-4d0d-907c-ca8965224162
Corine|Grason|cgrason2f@sphinn.com|17-9111713|7059c9c0-198e-43d3-ac22-c78966f92ce4
Alia|Behling|abehling2g@stanford.edu|18-6887696|30b6c977-64b9-48eb-bc95-3c22bc24b91b
Bili|Tredinnick|btredinnick2h@amazon.de|43-5091206|742eaa97-0850-477f-9403-1d2c09e22cc4
Jonie|Hissett|jhissett2i@soundcloud.com|54-3937193|44c8c097-e973-43e1-8e3b-8654545caf7a
Alanna|Reeds|areeds2j@liveinternet.ru|73-6276366|4d008355-2232-4725-87f6-8225f7cffa60
Byrom|Andell|bandell2k@biglobe.ne.jp|75-9119139|3f7aaf51-d090-4daf-a002-92bd0eab0070
Kennith|Robins|krobins2l@xinhuanet.com|93-6104587|8ca250fb-52e6-48a3-be41-3c5c8c11abf8
Illa|Syres|isyres2m@weather.com|03-2390031|79c07a2f-0b33-442b-9431-c2a4115c4a9d
Rebbecca|Poser|rposer2n@telegraph.co.uk|82-1447321|e8e0eb82-968e-4620-ac6d-af24e8f67e5e
Timi|Stivey|tstivey2o@so-net.ne.jp|43-5264752|1df7a3ad-5566-4387-b8e1-c78f54a8733f
Eyde|Harken|eharken2p@cdc.gov|66-1058655|1d5c5fe0-b359-4644-91a6-4203e889a1b5
Mavra|Lowensohn|mlowensohn2q@webmd.com|59-6156585|03c04c4d-b77b-428f-a21c-f6e69b70c9e0
Sheelah|Meeus|smeeus2r@live.com|41-5838673|aac359ea-db20-4d4e-8805-1e6b1a16dbf2
Cecilia|Elmhurst|celmhurst2s@umn.edu|59-4091698|56d8a14f-efa1-474c-ad45-dbf5ebc2ea7e
Hilda|Astling|hastling2t@csmonitor.com|87-9218493|08832083-8001-4017-b7c5-571c76f212c6
Bobbee|Hagstone|bhagstone2u@thetimes.co.uk|14-4250042|61700054-c11a-44ca-833d-221e4a949e53
Coretta|Fleisch|cfleisch2v@vinaora.com|33-7649834|31e08b6d-d39d-4ff7-a547-f1958a9dae99
Kane|Mylchreest|kmylchreest2w@furl.net|85-0789229|fc2f184b-9fec-43ce-a2ce-809c9c1e24ea
Kermit|Lempke|klempke2x@purevolume.com|40-5247710|96586c3d-2f34-4f3f-aae8-384a991b439d
Rikki|Godson|rgodson2y@kickstarter.com|75-7510790|d3f82d00-4b0d-4873-9f16-da99356cdd46
Derek|Felder|dfelder2z@ucsd.edu|21-4363200|141bff92-0ee9-4a57-a9b8-502f116e56bf
Homer|Endle|hendle30@godaddy.com|10-3914777|e1d46ccf-799f-4fbc-a09d-abb9678dd762
Jobye|Sallenger|jsallenger31@printfriendly.com|63-8239847|d88de57d-5d81-4b3c-a645-39900460db5d
Archer|Abdon|aabdon32@arstechnica.com|59-7515140|e0335067-fefe-40ea-b08a-1b07aca08416
Rosette|McAlroy|rmcalroy33@google.fr|38-8851283|bac49aa4-f410-45e3-818d-111261b58cba
Ame|Robeiro|arobeiro34@last.fm|21-3075831|c9f002e0-8cb9-4d1f-9ba8-eec375351d87
Grange|Bertlin|gbertlin35@comcast.net|30-5452279|d878f792-55f3-4e00-8664-df1533873f95
Anson|Clemonts|aclemonts36@google.de|53-2194134|1b221bd4-ad0d-4cff-b1e5-cedf3229b98e
Linda|Pakes|lpakes37@skype.com|64-3885594|2c60c789-088d-49df-bb42-5654da0535ad
Diandra|Hansmann|dhansmann38@sohu.com|27-1309493|d6e7957f-c91a-4cc3-9462-e0046b0267b6
Kriste|Bussel|kbussel39@privacy.gov.au|01-5633979|a1d97662-9b23-46e8-9d9c-45d38eea93ee
Annora|Watkinson|awatkinson3a@yelp.com|44-5056431|a5d1eee0-065a-43c5-8166-95a222d21de0
Brnaba|Stronack|bstronack3b@bravesites.com|70-0247384|f5bc188e-1b11-44c8-a253-2f05958d7e86
Cesar|Kennewell|ckennewell3c@msn.com|58-8238848|beb145ad-f56e-4698-ab70-b3341678cf23
Megen|Paxforde|mpaxforde3d@usnews.com|54-0636937|11da9bcb-a173-43d1-9019-09e1331c987a
Adel|Mincini|amincini3e@cbsnews.com|60-3315533|3c71c7aa-c6b8-43a9-aa45-84496911d84a
Consolata|Georgeson|cgeorgeson3f@posterous.com|53-9824194|226bc8c5-a139-4411-89e5-43963518c43b
Wilhelmine|Eaglestone|weaglestone3g@va.gov|39-5881506|02ba75d6-6165-497a-a250-686f07324047
Flossy|Langhor|flanghor3h@oracle.com|50-7131398|b5acc6a6-4c86-4945-967c-5977bac01298
Keeley|Stammers|kstammers3i@sourceforge.net|56-4271426|f8bc330b-7344-4556-929f-8878a3f2070a
Brianna|Topham|btopham3j@youtube.com|90-3631403|1561846e-7e2f-43a5-a961-e9646db5f723
Brandice|Baake|bbaake3k@imdb.com|14-4181866|44568ca6-e681-4093-a39f-d2662c479793
Nat|Coulthurst|ncoulthurst3l@jiathis.com|37-8891034|eb44f6f8-f8bb-4313-887e-2dda888191f2
Mureil|Restorick|mrestorick3m@themeforest.net|50-8465741|679619e2-52f3-4da3-b0f1-fcbf8f135b07
Cahra|Seleway|cseleway3n@google.com.br|03-6327699|4ca1425f-84ff-40ee-a51b-9990d4b0981b
Maurie|Bloodworth|mbloodworth3o@berkeley.edu|91-0856566|8733338c-6b5c-45f4-a170-8bcfcafdb887
Ivor|Whitnell|iwhitnell3p@vistaprint.com|03-6367455|4149bb59-2f20-407e-a351-84b5c5e4a5dd
Ty|Claeskens|tclaeskens3q@discuz.net|57-8029682|4cf9a9e5-a9f7-470a-b6fb-b3a72c2ed459
Wyndham|Tudbald|wtudbald3r@myspace.com|20-3025625|74ce8026-1e5f-4096-ab78-aba43460d373
Barron|Roache|broache3s@umich.edu|10-1053025|a1d136d4-1eb9-48e0-a9d1-ba6d047504e9
Duffie|Alans|dalans3t@omniture.com|88-9844645|00a892dc-aee7-4b7c-9043-627ac544f2d0
Berkeley|Mulrenan|bmulrenan3u@europa.eu|26-2474570|571e5774-3319-441c-927c-2080fd90826d
Addison|Trivett|atrivett3v@blogspot.com|00-9881056|e8b9cbbb-52cb-4cf1-ba45-83e37b04f8aa
Michell|Briatt|mbriatt3w@spotify.com|46-8140660|cb536f43-a8f5-4e46-a7b1-2f9d08767a17
Wendel|Datte|wdatte3x@devhub.com|65-0571571|ee69e8c4-d4bf-4d4c-aa03-162f3ba952c1
Eimile|Okell|eokell3y@nasa.gov|88-9587301|d6221c90-8cd9-42d9-a8df-da2058b0f2d3
Gian|Rudham|grudham3z@instagram.com|48-0753848|2a1c8307-b63d-4020-80b1-db3dd9d2f606
Aubrey|Gaymar|agaymar40@state.gov|72-3140613|068617e1-1373-4f03-9866-d6d49b0e4524
Laney|Kingsworth|lkingsworth41@ow.ly|31-1763989|76ea7bb6-4f7c-4908-b3dd-94dec93fe4fe
Whitney|Vidloc|wvidloc42@un.org|38-7465522|59ff0ec9-87bc-4b6d-be31-ab7478e1b39d
Dorisa|Babonau|dbabonau43@ucoz.ru|97-4723459|f3a410eb-ee5b-4fe9-bd96-17c09b035bcf
Matti|Jopling|mjopling44@tinypic.com|09-0378327|00f72474-b1fe-4578-a748-1e34f104f916
Erminie|Casacchia|ecasacchia45@qq.com|55-7063235|6a508c3f-1e75-4eea-9997-68b1fa3a725e
Etti|Kynastone|ekynastone46@omniture.com|06-9729235|4cd30d77-ac96-4ba2-bf6a-03c354cc9197
Brewer|Revely|brevely47@t.co|35-8026450|7904ae5d-c5bd-4994-90fb-dd24991cd7fc
Holly|Giriardelli|hgiriardelli48@symantec.com|90-8362198|371b1c56-cf86-4ad3-96b9-9b0ae12a578c
Karola|Dewerson|kdewerson49@youku.com|46-0373612|4cddd833-844b-4cf0-96a7-e7b5aead8825
Rip|Bewlie|rbewlie4a@ucoz.com|30-6883786|ec9fbb87-d222-4025-bf53-78577cca853e
Dela|Norkutt|dnorkutt4b@tuttocitta.it|30-5547696|58cce5ae-39aa-4f3b-a93e-5cfa37700e96
Joly|Verrechia|jverrechia4c@time.com|07-6886314|34d195f9-a3f7-4068-83d7-0f975d3eae58
Jeannine|Shah|jshah4d@abc.net.au|41-3021067|9155a9ba-c98b-4a97-8685-9857a360c8a7
Arielle|Shillinglaw|ashillinglaw4e@zdnet.com|39-2433451|5220527d-67ae-4c26-b23e-94653ae55b88
Barnie|Hawksby|bhawksby4f@facebook.com|05-8093703|0ec0ab15-6fb5-4aa9-9f84-b9fdb6fd87bc
Valentijn|Proschke|vproschke4g@usnews.com|88-5308432|70a3af0d-3c3f-49d9-b42a-07bc2ce249bc
Lilah|Frearson|lfrearson4h@deliciousdays.com|53-7480578|185bdc20-5e80-40a3-a613-03d0ebe54ce5
Olia|Fawlkes|ofawlkes4i@google.es|76-8209707|8e689a26-58dc-4fb3-824e-3f25cfe3a5ce
Cherida|Feldfisher|cfeldfisher4j@yahoo.co.jp|01-9829291|3bddad84-4aa2-4f26-964e-912b8e721d0e
Kris|Scudders|kscudders4k@wikipedia.org|00-6113442|36ed37da-10a5-4e89-badc-3478ea445073
Earlie|Glasman|eglasman4l@earthlink.net|22-7617850|bb82fa08-68d0-4813-8f71-9d31a64338a5
Bellanca|Maldin|bmaldin4m@about.me|23-4289783|31de2af8-3abf-4788-818f-454dc21fbf97
Barnabe|McInnerny|bmcinnerny4n@xrea.com|52-3333767|5932ee21-1744-4add-a6d5-06a1d80264ec
Gallagher|Emsden|gemsden4o@ucoz.ru|11-9696326|193d6151-cdbf-4e78-bd54-7f0c3e287bcc
Hobard|Keirl|hkeirl4p@networksolutions.com|20-9342861|45a53da3-3c7d-4b05-a814-91af75bc83b0
Siffre|Slatter|sslatter4q@clickbank.net|92-2108067|29583eb6-e98b-48ca-95b9-7b3f8f91a806
Cher|Emps|cemps4r@gizmodo.com|10-7494354|d728e820-2914-4b21-a64d-d46f9e7446f5
Leonid|Kolyagin|lkolyagin4s@slashdot.org|43-2492744|471a3ffb-2ef7-4267-ac95-f35f9093cfbf
Humfrid|Beglin|hbeglin4t@cocolog-nifty.com|80-6806886|0b93eaf9-3e2c-48d6-800c-096422d389c7
Salome|Wasselin|swasselin4u@ycombinator.com|24-7669471|e20c7b42-3ddf-4612-b8b6-06eb7f7a6d0b
Hersch|Dowderswell|hdowderswell4v@wikipedia.org|63-2559294|e11113c6-a7e1-4264-9c65-6639afffaff1
Lil|Beades|lbeades4w@apache.org|63-8668470|f741c690-2243-4222-adc8-c4b4192ee8f5
Kiah|Scholes|kscholes4x@aol.com|03-9142563|c063e064-2e7c-4399-9d9e-b6cb089e1307
Dorothy|Andrick|dandrick4y@drupal.org|23-3829829|b4bb288e-5d4d-41ca-a54e-c7898b6dd7e4
Grantham|Rothert|grothert4z@vk.com|62-1395769|2b1e72ec-8ee5-4b08-ab45-1508972e60b5
Gaye|Spare|gspare50@berkeley.edu|96-7196915|fe6d4aa1-cd54-48ea-8fef-88a0fac8aa93
Farrel|Straughan|fstraughan51@unicef.org|64-5730010|6328a193-8223-4906-b8be-3b3e3b4a522e
Merrill|Bill|mbill52@biglobe.ne.jp|88-7386227|ad5a6c48-0b59-4775-9a97-5602801ae569
Kacey|Farnon|kfarnon53@google.com|68-6800904|35a71fb4-f220-4621-b380-134e15758f21
Vail|Leschelle|vleschelle54@bandcamp.com|79-1415658|9c6fc14f-a3bd-4f23-b440-36704d421cde
Marcela|Bernardotte|mbernardotte55@narod.ru|96-9720848|be38996e-7771-486a-9b56-03b1f9d25dbf
Clo|Lowsely|clowsely56@sciencedaily.com|29-9805596|959a811e-c030-437e-b82a-4b0dcc89ba53
Debee|Lomasney|dlomasney57@cbsnews.com|15-6344824|92587a35-7f31-4a25-90b8-29a83442f0b7
Mandi|Tummond|mtummond58@wikispaces.com|99-2035033|9f05e9ab-9f33-4e5f-9679-7538c66f11af
Rodge|Downer|rdowner59@howstuffworks.com|58-4870296|eae3b5be-0ee7-4859-90fd-8fc5e85a2d9f
Esta|Sturridge|esturridge5a@aol.com|31-6082909|fb4832c5-87b9-43c6-9896-ab7597dd747e
Brad|Moohan|bmoohan5b@macromedia.com|58-6981482|cbddd57b-cd93-41c4-9864-9923b4babfec
Trace|Goeff|tgoeff5c@sohu.com|62-0440051|23bc4c31-35c8-4107-88a1-c6481b8b7afd
Adoree|Ledingham|aledingham5d@1688.com|54-0939871|f1dfe523-2349-4158-a4d2-2d0371f925d8
Jerald|Hooke|jhooke5e@ucoz.ru|86-3819515|8fb41c37-65fa-4aa4-aecc-424e44db6c46
Rodina|Bouldon|rbouldon5f@indiegogo.com|60-4212533|9930ba61-7cf3-47e2-92af-a067accb1bdb
Gordie|Swadlen|gswadlen5g@cargocollective.com|28-2319264|e718fc0e-f864-4936-8f14-03d160796ecd
Maurise|Cordero|mcordero5h@census.gov|92-3867127|e5b731ad-2b17-4b17-9b55-8eb06a40b924
Othello|Fowgies|ofowgies5i@odnoklassniki.ru|38-2936540|4ed2e8d3-ed30-41e3-b495-d0f7215f4ff6
Martica|Syncke|msyncke5j@cargocollective.com|61-4154711|83f78604-e787-49ef-b476-4519d2ee1209
Evyn|Moncur|emoncur5k@independent.co.uk|54-8519594|a0ba4ed4-aed9-4dfe-a8f9-9cb3c12b0b65
Josie|Varker|jvarker5l@dailymail.co.uk|91-5613858|70a254ea-e4c4-44ce-b143-7535e0ef6aaf
Billi|Cousin|bcousin5m@dot.gov|88-3583883|9454f7a9-e21d-4bc3-a8a1-7d752b879f5c
Sheri|Miskelly|smiskelly5n@cam.ac.uk|01-0593035|1c383b23-65ef-4453-a691-a6c2217a18f1
Jeramey|Redfield|jredfield5o@fema.gov|27-6007014|7c3105f8-f3c6-4f70-9d1e-5e10e2e41a34
Elianora|Stanluck|estanluck5p@amazon.de|28-9822498|06aa84fe-49b3-434b-b02b-a18a71468ff0
Jacqueline|Grent|jgrent5q@networksolutions.com|61-0689139|d9e84abe-56c8-42a0-8891-bbad39352c0a
Leanna|Furbank|lfurbank5r@bigcartel.com|74-6485559|d91f45ff-2f9f-4123-b27d-6fddfaabd43a
Saxon|Oldknow|soldknow5s@free.fr|01-9096617|83e0fe8f-5bb9-4a0c-9c62-39ea1ecb25cb
Skye|Georgelin|sgeorgelin5t@shinystat.com|38-6059628|d7d9e82e-fea4-422d-8431-22b15991c190
Trace|Pinner|tpinner5u@networkadvertising.org|46-0264422|47d50aa1-4bc2-49bd-9ea1-4315823ab5fe
Raphaela|Brimblecombe|rbrimblecombe5v@biblegateway.com|54-9424812|2f6439f5-6945-4153-a6a4-3f32c7aae683
Emmerich|Garnson|egarnson5w@purevolume.com|96-3571321|cb674786-31a5-4376-af3f-47427481ae23
Colene|Dyhouse|cdyhouse5x@fema.gov|89-1481170|bce5f0cf-37fc-478d-ab6f-abb1e5815ba1
Cornie|Mallard|cmallard5y@amazon.co.uk|79-9581804|09481c86-03e3-4811-bdd3-8c86fc6eb0e7
Lion|Chaloner|lchaloner5z@umn.edu|11-9705987|06cffa35-62de-42d5-b1b0-ca9690f0fdfe
Debbi|Klimov|dklimov60@bloomberg.com|26-1048836|a7981f55-830d-43a9-95ce-13dc5232acf8
Garwin|Iddon|giddon61@flickr.com|89-6174309|3df7b25d-44a4-437f-b236-79b83dbe8ee1
Bartholemy|Matantsev|bmatantsev62@sohu.com|93-9294385|df717de1-8aaf-41de-b4c8-68171cdd0172
Dyanne|Warman|dwarman63@lulu.com|65-8949436|1b500bf9-bf63-4deb-a5cc-dabd8dd0e5d3
Oswell|Haizelden|ohaizelden64@issuu.com|18-4455711|a332b0ba-af04-449a-b2f7-1d36d25d916c
Esra|Kernar|ekernar65@google.de|09-5166422|9772899f-c3bf-4f25-b116-af72cd40c755
Erwin|Saltsberg|esaltsberg66@shareasale.com|67-4813848|71fc1385-8e30-4572-bdd2-0550de3bf60a
Bathsheba|Garric|bgarric67@tinypic.com|16-5584409|7a6e0625-bf4a-4107-89c2-e6e7a38792dd
Rickard|Barnsdale|rbarnsdale68@sina.com.cn|11-3150548|dc84c7ef-dbc3-4b3e-8c19-8349876c004f
Sophia|McQuorkel|smcquorkel69@google.com.br|14-1018729|ff62933e-d4d2-4353-8deb-c48f94f9de5a
Jase|Marchington|jmarchington6a@bluehost.com|65-6790419|ad2c0655-8a39-44c8-bf8c-3e297684f93f
Chariot|Davenell|cdavenell6b@google.cn|91-3103439|2b0b56bc-4562-4c81-8c4c-56681e6c1bde
Merell|Hizir|mhizir6c@harvard.edu|67-3455028|0b4b0e03-3d76-4d4b-90df-ab1a8d654da8
Kelcey|Rylance|krylance6d@elpais.com|41-7130851|d11d8877-059a-4524-8479-e26d9c3ed38f
Nance|Wedmore|nwedmore6e@examiner.com|46-4661374|04cd4429-3fd9-4a9e-8d87-59d0707c3744
Otis|Rhodus|orhodus6f@hexun.com|49-9051274|134dbc82-4120-448c-9e8d-79df2eb4cd97
Nicholas|Muckart|nmuckart6g@theguardian.com|51-0256501|934a93c9-0eda-414c-8e59-6ac60feb88c0
Thaine|Hanshaw|thanshaw6h@blog.com|56-2921163|903cb85f-acaf-446c-a51f-f15034469160
Candra|Petrasso|cpetrasso6i@storify.com|67-7591057|67dfae01-d1e7-4f7e-8a42-bfe773a35d2e
Ciel|Terbrug|cterbrug6j@xinhuanet.com|14-1542003|ee4ffd1c-b27d-4e06-aefd-252ea7705256
Morley|Kitcat|mkitcat6k@weather.com|65-6141636|8aaede06-af09-46a8-a9a9-fb7633a43df9
Grant|Drage|gdrage6l@umich.edu|72-0099748|af4ecca7-5c22-4546-adb4-aa04a2e84467
Kristina|March|kmarch6m@google.com.au|40-0722432|01e7649b-705f-4e17-8a03-dfa6b0d82c35
Tootsie|Pomfrey|tpomfrey6n@wired.com|65-2794798|e4ece237-970d-4264-9922-9c5238f6fbf7
Rickard|Whitrod|rwhitrod6o@arstechnica.com|80-1379628|1fccd1d4-acff-43e2-ac64-929f637968ff
Ivar|Kybbye|ikybbye6p@pagesperso-orange.fr|72-1722721|5784dd72-7ca1-42c4-9d6c-c7cbe4323a6b
Alyce|Stefi|astefi6q@barnesandnoble.com|01-1751227|3c516e62-4300-487d-99a3-a53942be7ae7
Roscoe|Eddowes|reddowes6r@over-blog.com|75-0711821|230e3e5f-e49c-4336-bf52-31542bbb464b
Kendal|Bronot|kbronot6s@angelfire.com|93-9774709|90820ecf-a4ee-45ca-9242-8f01c2abaf19
Julius|Darton|jdarton6t@mapy.cz|61-8932890|168adb80-f24d-4064-9a1b-e619900bbccd
Darby|Aspinall|daspinall6u@state.gov|17-8167511|fdf495d7-bfae-48ab-936b-645d938532a2
Hillyer|Price|hprice6v@friendfeed.com|25-1854019|bb169d63-11de-4fe5-b25e-722f6d66118b
Anthiathia|Helder|ahelder6w@shop-pro.jp|59-4643454|e20e16a1-53dc-460f-9a8a-2a747a989270
Kari|Galego|kgalego6x@livejournal.com|44-1896175|71105936-a3e3-432c-84bf-fd17ae82b4fd
Melanie|Bromley|mbromley6y@opera.com|15-3009856|9481cf5f-eb85-4b49-830c-fe4d0756a14e
Ula|Frapwell|ufrapwell6z@ocn.ne.jp|63-3149300|166ad0ad-ca72-4f73-9cd9-aee5d158c933
Aileen|Gush|agush70@mysql.com|35-2131264|3376fcec-62c0-4d3e-a9df-6ad8d84a266e
Caresa|Hartfleet|chartfleet71@kickstarter.com|33-9260388|69005aa7-4a1f-4499-a62d-64ab4dcd1844
Evania|Winterbotham|ewinterbotham72@thetimes.co.uk|88-1901619|cfccd4e5-4fb1-4181-9369-dddc7b7421e5
Mikkel|Kells|mkells73@ocn.ne.jp|32-8196886|84b9b1cf-de44-4542-9a13-e1c8ac830943
Dosi|Michelin|dmichelin74@last.fm|44-8897152|593bcef1-85e8-490c-8c16-f9f8b790856d
Artur|Borchardt|aborchardt75@salon.com|51-4586266|65e7fd56-4f16-4d1c-9d56-b414ed4e1e98
Delphine|Paal|dpaal76@wired.com|54-2456256|3c481ab2-887b-47ab-968c-a6c32d374164
Boyd|Chafney|bchafney77@soup.io|99-2727506|760a8731-b770-4bf8-8eb7-ff6c5a09e0c0
Selene|Craske|scraske78@homestead.com|89-7841614|b7aa4d5e-3100-4b3d-a28f-3cc4dba5ac69
Rebeka|Pargiter|rpargiter79@a8.net|13-4811820|a01c359d-93af-4b73-8b6a-2b19796acd8f
Audrye|Tappington|atappington7a@va.gov|78-7936718|566070b0-45a5-4129-9f26-cd6a4df36880
Jordan|Buckam|jbuckam7b@rambler.ru|12-8806179|182da444-3d94-46ef-974e-474df8fcc495
Philis|Hacquoil|phacquoil7c@bigcartel.com|15-4400359|363552ee-9d3a-4583-a6c3-34d3ab93af90
Nessie|Le Conte|nleconte7d@skype.com|31-9656746|8e1253c2-6439-4a72-b2ae-a2a0a67e7625
Marcellina|Ockwell|mockwell7e@sohu.com|07-6584587|dffb847c-aef0-4574-9b3a-c5bea31fa2a8
Korney|Leggs|kleggs7f@myspace.com|63-1543633|e8515244-f51a-4e48-98bd-f951bb53a1db
Hynda|Broadbridge|hbroadbridge7g@sakura.ne.jp|59-0751301|c7ecd3f7-02f5-496d-b0fc-1c0218b9bb82
Frazier|Phinn|fphinn7h@forbes.com|29-2193042|affcb3a1-a834-4b77-8584-435276a2586d
Durward|Jovicevic|djovicevic7i@dedecms.com|26-8125331|7b2854f6-68da-47fb-93d9-7270660406b7
Lannie|Eglese|leglese7j@freewebs.com|81-5420037|b216a438-b81c-4ca4-8661-aeaa2f846dec
Hewet|Commander|hcommander7k@utexas.edu|56-7375116|bab81f7c-7109-40e7-b209-b39530adbe77
Arlana|Playford|aplayford7l@123-reg.co.uk|09-7745081|64562fa2-0af5-41da-9f69-5cb13a0e768d
Gabriell|Diwell|gdiwell7m@msn.com|72-5094582|f84d7748-e4e3-479d-96f6-f7dea838b8f1
Meir|Kivits|mkivits7n@geocities.jp|21-4081539|12cd1fcd-3173-47ab-9489-42650d966fa9
Angele|Turner|aturner7o@wisc.edu|49-8537672|9fef6fc3-c9e8-48d5-90da-7e81050ab6d3
Hew|Seligson|hseligson7p@edublogs.org|97-2555149|e8d6cbb5-08ee-46ae-bd8e-289a31a7fb60
Teddi|Groveham|tgroveham7q@slate.com|79-3172598|9198c7c5-403a-4dfd-b414-f88f14f1ee3d
Jaquelyn|Hearmon|jhearmon7r@prlog.org|38-9239493|266887af-b3cf-4c7c-9bee-d90ab4a42e71
Hewitt|Aireton|haireton7s@vk.com|14-0816588|a09f6d3b-51e5-4d6f-88cf-fb68848262de
Karlene|Cosens|kcosens7t@mtv.com|27-6934422|737845e5-c785-4b5d-9853-142a121b32ba
Emilia|Durbridge|edurbridge7u@nymag.com|56-8536912|99430735-6a3a-408c-a232-d961bf80fac6
Phillipp|Elby|pelby7v@cnn.com|36-2057076|d7d37262-f2dd-4001-a044-4ad51aea6fec
Elisha|Pelzer|epelzer7w@360.cn|22-1989565|2ba1c70e-2940-499c-b55c-a8cb75c5df54
Quinta|Daice|qdaice7x@quantcast.com|06-2978575|07da66a1-9576-4756-8508-c2d176347169
Gelya|Drysdale|gdrysdale7y@wunderground.com|60-9030394|30be02ae-bc6d-4810-a48d-32ab46f6d670
Nanine|Orrett|norrett7z@unblog.fr|09-0703310|af9f4ae4-6c9d-443e-aa4e-74f9c873589d
Gayle|Bulfoot|gbulfoot80@seesaa.net|55-8285158|d926d1c1-4771-46d9-ad4c-d7d3acbdd2e2
Layla|Klee|lklee81@delicious.com|90-6753830|d3a92671-9684-4277-9d7b-2a3060958df3
Kitty|Cosslett|kcosslett82@pbs.org|85-0012199|b4837cb4-596f-4c41-91f8-d6f45a969228
Janith|Fleckney|jfleckney83@163.com|36-6026948|9aa76707-8884-49c3-b3b9-5eb8610db4f5
Ward|Geldeford|wgeldeford84@pagesperso-orange.fr|85-9207619|bd1ce842-a426-4d66-9021-f6f4d3e34143
Clayborn|Starsmeare|cstarsmeare85@linkedin.com|64-1068858|e7bd6a32-ab0f-4cbf-bcb0-2b2086dce214
Dalton|Sykes|dsykes86@cornell.edu|01-1413729|ce21c16e-427c-4baa-982e-1ac19cec92bd
Dion|Andreou|dandreou87@t.co|20-1462517|3d8068d3-92fc-4a5a-afd8-45513cf9331f
Doralyn|Lodford|dlodford88@ustream.tv|71-0175901|b71b1896-1877-4fde-8aa6-36cf72d6b558
Aland|Kullmann|akullmann89@w3.org|46-4220243|20012dfa-85cf-41b3-b4da-6e09c865c731
Fredi|Baptiste|fbaptiste8a@ning.com|86-5065326|a728cd63-7378-4b09-88c6-6c494364cf9b
Viv|Franz|vfranz8b@vimeo.com|80-0143835|0eb53597-f286-4c43-9f33-03bfc77dd169
Boonie|Bromley|bbromley8c@phoca.cz|98-2396909|67745203-eb93-485a-9f9f-01429156dc69
Ambrosio|Balkwill|abalkwill8d@hibu.com|54-7396255|4addbfe9-be6c-4343-9f70-8ebf31e621a7
Maighdiln|Crosdill|mcrosdill8e@tuttocitta.it|36-3211994|2ad76e3b-6d95-4a10-a9ac-ade06ea4622e
Enid|Kornyakov|ekornyakov8f@gov.uk|38-2117566|efa0e61a-584b-43ae-b2d4-6ca077a98ec0
Webb|Sansum|wsansum8g@taobao.com|81-0971898|b5c4da6f-f962-464c-aefd-a74d48d0758b
Saw|Bucky|sbucky8h@globo.com|05-3346608|6ec322d9-930c-4063-8113-e1895722094d
Dorolisa|Allbut|dallbut8i@angelfire.com|28-4320846|32f4b95a-afce-429e-a081-4e89047a2489
Kitty|Jeanequin|kjeanequin8j@yellowpages.com|96-6621912|4ad82d80-51e5-46f3-b1b7-bab40c754cd1
Kamila|Heskins|kheskins8k@ox.ac.uk|25-1461746|1eebc732-5699-4c8b-be7f-729334243dbf
Drew|Dallimore|ddallimore8l@github.com|37-9488146|643c59b9-0eed-4011-844c-3bf28c9b3e70
Erinna|Sim|esim8m@is.gd|00-2375664|8e364096-4f8a-4816-94b3-f6b50914a94c
Pyotr|Birchill|pbirchill8n@woothemes.com|26-0689248|5023734a-f8e1-473d-b391-b9fbb2bbeda7
Katina|Crossley|kcrossley8o@marketwatch.com|61-4702670|390d426f-a164-483d-9574-4e2d1d269f1b
Christiano|Joye|cjoye8p@nyu.edu|90-2289968|9e145e09-6f74-4158-8be3-d0d3815dfb42
Birch|Balchen|bbalchen8q@vimeo.com|39-5345436|9bbd1820-bb7a-48ad-9cf5-b3038e1575a7
Nellie|Berzen|nberzen8r@umich.edu|37-1265070|aca3fd14-219d-4909-810d-fbcdb9ee5723
Maxine|Delafoy|mdelafoy8s@over-blog.com|36-2612308|492dcef3-e1c9-4470-a310-14b3752c90ab
Irwin|Lindborg|ilindborg8t@nifty.com|54-0041313|7dfd49cd-e85b-459e-905b-7219470dda28
Agnese|Ingledow|aingledow8u@techcrunch.com|17-9130762|55be1d5d-a278-45a6-94bb-31d4604d3801
Ignace|Renshell|irenshell8v@buzzfeed.com|80-4608076|5124b8fc-f9e9-425f-a404-ee48146eaab3
Melanie|Pucker|mpucker8w@sohu.com|44-6346384|184efe7d-6ac4-40aa-9234-09877825abe1
Tymon|Matthewes|tmatthewes8x@exblog.jp|37-1507751|82f6dea8-778b-463b-969f-94544734f0c1
Rochelle|Male|rmale8y@jalbum.net|62-1832703|d3741c46-fd90-4a41-8779-758f024968de
Jamie|Leverett|jleverett8z@cargocollective.com|71-7045138|724c7c0b-8191-485b-90d0-eaf92d349d4b
Harlene|Pagram|hpagram90@gravatar.com|48-0834587|ce7a9720-06e6-4d09-b3a4-cd842023b0f9
Kendrick|Esplin|kesplin91@ask.com|97-5237663|fb22d0ae-302b-4d2b-b7fc-0743e378dd76
Giovanni|Tottie|gtottie92@ustream.tv|82-7032031|9a00878f-bb1c-448d-995c-a8c0ad33a7f4
Leon|Kneebone|lkneebone93@baidu.com|91-0444552|e3791625-4086-4139-85ab-f0d4a94bc2e0
Elna|Danaher|edanaher94@list-manage.com|44-8330629|5878cecc-7eec-49e2-947e-40328524ef19
Chrissy|Oylett|coylett95@joomla.org|43-0039704|cbb4749f-e81c-439a-9881-a910b1b899f0
Sadye|Witcomb|switcomb96@opera.com|04-3344763|8d4fced1-fc0a-421f-99fd-3739631979b9
Mohandas|Tunnock|mtunnock97@cargocollective.com|51-1026387|11eedc1d-faba-4b7c-a28f-81f806a34083
Maxi|Henden|mhenden98@wired.com|78-7090035|99c608cb-bc61-47ae-9a1f-498e7b971296
Simon|Yanuk|syanuk99@mac.com|15-9098659|e5b132cb-6bc9-4352-89e2-91f92357a3bc
Brendon|Scamadin|bscamadin9a@desdev.cn|33-7420177|c72c8e0d-6d82-495c-8f51-24f2fb180164
Quintin|Quesne|qquesne9b@wunderground.com|00-9065801|fef8f4d8-a75b-4983-82ad-bd5a5f4121cb
Starla|Ivashinnikov|sivashinnikov9c@yahoo.com|92-8074467|3183e782-9df2-4bdb-be5a-5a3660e0c526
Trevor|Pedley|tpedley9d@cargocollective.com|87-6931230|d39c4cae-d8cd-4a4d-83de-a1b859c9cbd0
Danette|Dominguez|ddominguez9e@mac.com|36-6189883|2d50a501-2a99-4b9b-9447-9043160aa60a
Lora|Keneforde|lkeneforde9f@globo.com|66-4260620|b46ffee3-5d17-4c75-9272-7af8f4a6db8c
Bruce|Bing|bbing9g@joomla.org|70-3427013|e2852222-8dea-46b3-b693-4c2dfef9b94d
Micheline|Kabisch|mkabisch9h@hao123.com|78-3993937|715e9ba3-da74-4df4-9bbe-201461ec2c7a
Gardie|Ccomini|gccomini9i@unicef.org|96-9017507|30f0550e-f05c-4e36-9c4a-5b5187376fae
Lindon|Kerne|lkerne9j@nbcnews.com|99-8181983|c56e5b41-50e9-4138-9b96-59fea0497079
Eba|Rubertelli|erubertelli9k@hhs.gov|77-9776678|fd51cf06-ce3d-436e-a8da-b53979213f4e
Shandy|Boosey|sboosey9l@marketwatch.com|59-1537584|5550b2af-a6bf-494c-aa8f-e32ba0ff96d7
Bessie|Livezley|blivezley9m@sciencedaily.com|49-5318505|63a555e4-3762-4a01-8187-3191af8ad217
Vaclav|Gaskall|vgaskall9n@sohu.com|80-7712871|cd79aba5-3b19-4cf0-821b-ef074049a9e5
Torey|Tyreman|ttyreman9o@umn.edu|68-2206227|43f19990-ba04-4e9d-bc8a-9d23b4736e7e
Cesar|Jahncke|cjahncke9p@reference.com|24-7082400|ecab812f-0abd-4a46-8b03-d188b415d8e1
Bogart|Domb|bdomb9q@unblog.fr|95-2923078|a249533c-de4b-4345-aa58-cbc301c75a2e
Rollins|Labuschagne|rlabuschagne9r@ucsd.edu|36-7234418|a1da442d-aa30-4b11-abaa-27bda78d47c9
Deeyn|Mosconi|dmosconi9s@meetup.com|28-1493966|449776ea-d95c-4ef5-90fd-0a65a45515ea
Simone|Jacobs|sjacobs9t@columbia.edu|36-7212590|279fc111-3470-48f8-9b65-dab7df2bd55e
Kylie|Starkey|kstarkey9u@weebly.com|63-7468829|de28262d-5479-485b-a177-7a6f036726f6
Hughie|Santacrole|hsantacrole9v@ehow.com|95-8863620|1952e9cf-a5ba-4717-bec0-819e151f9372
Ebeneser|Axworthy|eaxworthy9w@joomla.org|43-2347118|f6a11433-2855-410b-a50a-90075d8c3357
Eveline|Surgener|esurgener9x@ehow.com|17-2736712|0102f9eb-74e8-4eed-ba08-0f6e0df345fc
Demeter|Stather|dstather9y@cpanel.net|00-5564384|62daaccc-31e3-45dc-83aa-d70a6ee3ac41
Sileas|Winspeare|swinspeare9z@gov.uk|71-3061779|1e960384-01d8-4339-ad30-6a2ba29545a6
Ira|Tripney|itripneya0@ebay.co.uk|86-0689155|c73a24de-8604-46fd-95da-17817f2875ec
Bern|Albion|balbiona1@github.com|18-5991026|a4d1a0e6-48e4-4d23-8d03-8bb1319b0f40
Netty|Beeres|nbeeresa2@altervista.org|26-9133367|6da948e3-ccae-467e-b82c-3bf20d3983d7
Horton|Mc Curlye|hmccurlyea3@sakura.ne.jp|67-7524519|21483f87-ad48-409a-b021-110b2f535cd9
Gawain|Whisker|gwhiskera4@go.com|17-6681808|702f3a0a-186e-47c4-84ba-e93865e2018e
Sayres|Royan|sroyana5@unicef.org|37-4865633|636ce714-478c-45d1-95af-07d9d084e834
Austin|Linck|alincka6@washington.edu|43-1456519|2bc61e71-ade2-4c33-8927-09342a3211de
Selina|Gosling|sgoslinga7@mysql.com|02-7210494|c989b92b-2bd7-4068-a408-4f6e4be2cb1f
Benoit|Dudley|bdudleya8@theatlantic.com|00-1518986|5fa34843-140c-48d9-b6c3-53017d740c03
Keir|Ricson|kricsona9@who.int|08-1666409|5d9863f1-759c-458c-ae7b-f7ea89ba18bc
Nicolette|Wark|nwarkaa@ca.gov|54-0118183|7e902ee7-e891-4a4e-b2e3-192a65ccf3ba
Merrick|Vennings|mvenningsab@delicious.com|96-8356905|ed494f5a-a6f4-4cae-9eaf-2be689538a8c
Carr|Ziems|cziemsac@biblegateway.com|38-6835273|d0d83dba-bc81-4d40-b985-00a1bd1207f2
Dee|Waliszek|dwaliszekad@boston.com|09-1148376|3a215ad3-3b0d-4c34-9e63-6828e2594f23
Donielle|Philipard|dphilipardae@webs.com|57-4396330|dcb1e10f-4a7d-40e0-84c3-eac3e68d3378
Adriaens|Lanigan|alaniganaf@gov.uk|14-9638085|2e9666a2-bf63-4732-84cf-718fdedf94dd
Bernette|Nevett|bnevettag@wix.com|86-9616108|932b2b4f-85c7-4ee5-8a11-20ab39f191b2
Florence|Litchfield|flitchfieldah@sitemeter.com|09-0996965|90e0a8e2-925a-4218-87a6-8bafff306e33
Erinn|Murdy|emurdyai@studiopress.com|46-0364364|dc0c099b-c9c0-4826-9129-af477586bc65
Dallas|Strother|dstrotheraj@cloudflare.com|44-4931718|e07846da-8997-4807-ac1f-cb029dd19356
Karrah|Eliasson|keliassonak@blogger.com|71-2670143|959d70cf-7357-41b5-aeb9-49e801a9cec0
Kristofer|Iacomettii|kiacomettiial@toplist.cz|79-7349513|8d08bc79-df5c-43f6-9b1d-23ee6593c13c
Dian|Trattles|dtrattlesam@samsung.com|11-5127795|dfae980c-d8c7-418c-9bee-349a0faf005b
Kerby|Grinvalds|kgrinvaldsan@usnews.com|35-4521074|c1a163ab-2857-4706-b9c5-a890a80b9970
Hildy|Clawson|hclawsonao@ucsd.edu|63-5942923|fdae3b5e-26a0-4274-b996-e2783ce1b45a
Karim|Trollope|ktrollopeap@biblegateway.com|79-6587951|07c40351-9358-46bc-84aa-4273538b509c
Annadiana|Chaldecott|achaldecottaq@google.com.au|91-0615943|1b3c09ec-84de-4fa4-9cff-3248e652e592
Edythe|Kilbride|ekilbridear@comsenz.com|52-4857524|dda5b595-58fb-46d5-aa4e-063d259d4b8d
Clemmie|Orgen|corgenas@shop-pro.jp|61-2088879|f718014a-9789-465a-99f6-fa8b06b7a0c8
Kerk|Dumingos|kdumingosat@bravesites.com|94-5109363|a62b9961-fc3b-4302-8c32-11ece11011b8
Cordy|Smitham|csmithamau@posterous.com|09-9010798|a7bcf187-a5a0-40f8-8bfb-35e67e4c774b
Emiline|Measen|emeasenav@craigslist.org|11-4452326|f5d90cfd-89d7-4564-8178-08644a16ee0b
Yorker|Moorwood|ymoorwoodaw@cbc.ca|69-2433720|0352aaf7-c2fe-4dfc-8e28-0938cfb11817
Langston|Cattlemull|lcattlemullax@newsvine.com|18-7672844|767cb88b-7886-4cfe-926f-c6a2241b81a3
Chlo|Fould|cfoulday@google.com|02-6978131|be2b4644-b040-473c-8851-41d783d0ba1b
Pepita|Boribal|pboribalaz@usa.gov|51-8283891|c9cb8cb8-7bb4-44ea-8834-028d158ef168
Peg|Hobben|phobbenb0@ow.ly|72-5719327|0e43f7e9-026b-46a2-bab8-456878f1bf75
Grethel|Fuente|gfuenteb1@blogspot.com|31-7977524|16cba07f-8543-41fb-ab5b-8011c2a21e7b
Juliet|Hercock|jhercockb2@irs.gov|35-7901001|c03351a2-e0f3-4a80-8019-b0d54f012409
Juditha|Wixey|jwixeyb3@bbc.co.uk|68-5020900|f839b647-cd0e-4512-b138-91e3841fb08e
Quent|Camolli|qcamollib4@tiny.cc|34-5342123|bb4b6372-2997-44e4-9736-21f642d79a0a
Fraser|Yeldham|fyeldhamb5@ucoz.com|46-0681091|a727fef6-7bff-473f-b651-c25ff947dc1d
Goldia|Tigwell|gtigwellb6@gov.uk|41-1504013|e48451c6-c081-4fb2-8000-7b7c9eb2f69c
Jori|Habershon|jhabershonb7@icio.us|59-1457224|1c205e8f-33fb-4e49-bf6c-3426965069c1
Trefor|Mapstone|tmapstoneb8@nature.com|04-7094626|f754f160-2cb5-426f-ae05-bd3bfa2ca014
Efrem|McCullogh|emcculloghb9@yahoo.co.jp|15-3513384|744d24b9-2f7b-45c6-bf77-7e1191f69da7
Josefa|Gillard|jgillardba@about.me|21-5390119|86eca6d9-f5f1-45b7-934a-bd28b2af8377
Chad|Mackieson|cmackiesonbb@psu.edu|92-4854389|c092bcf5-7171-47cb-9743-a458482a45eb
Channa|Moat|cmoatbc@state.gov|72-5947684|df83ce85-0de4-4050-9f38-77e331989e80
Blanche|Batchelour|bbatchelourbd@topsy.com|11-0254772|19750af7-724c-42e5-b7e3-dfa6c8d802bd
Quintilla|Heal|qhealbe@dailymotion.com|87-7314850|e61c7173-a6c1-45ed-8e38-40537c19aaba
Gusty|Cammocke|gcammockebf@1und1.de|75-6725363|b582613f-3597-44e8-a9fd-e185e7d6e1ed
Kelbee|Jery|kjerybg@typepad.com|57-8277933|b6114fad-8914-4694-a3d8-d3c6085d644c
Con|D'Arrigo|cdarrigobh@mtv.com|70-9887494|e5924cc9-13d5-41f7-a3c5-7b8899c6f92a
Abby|McLese|amclesebi@redcross.org|32-4449391|001704f4-53a4-4675-86c6-871cdc4e52bd
Karoline|Baike|kbaikebj@uol.com.br|09-7687817|316d9a69-0f42-4322-a4e3-1b7a9a77c9e4
Helge|Marlowe|hmarlowebk@nymag.com|09-5107055|c60ae49e-54fb-4269-b46a-437b4601489e
Sunny|Mannagh|smannaghbl@tiny.cc|78-2648588|49a66441-592f-4d49-8778-3a72946392e7
Davon|Callicott|dcallicottbm@opera.com|82-2552834|0a0d4391-77f5-4fd6-a8b0-4a43ecc19e6f
Arlene|O'Shea|aosheabn@paypal.com|48-7698558|848d2b05-98b8-46af-9c21-db1f4c1d359e
Collen|Petranek|cpetranekbo@earthlink.net|50-0778912|d3540ed2-67e5-40b6-8f40-7e7edc50a05d
Bernelle|Smurthwaite|bsmurthwaitebp@amazon.com|86-1617307|127e0fb3-eadf-45f2-b7e7-fef9b6b31c02
Ilene|Bottoner|ibottonerbq@trellian.com|93-5911522|18dac7bf-a88a-4601-900b-96719e14d5de
Abraham|Stoyle|astoylebr@nationalgeographic.com|78-5212217|605fbd14-e48a-4409-a1b7-269ade45986f
Alla|Gothup|agothupbs@webs.com|81-8122331|b86811c0-82e9-4d45-b396-c36127f8c979
Rooney|Yelden|ryeldenbt@businesswire.com|85-1591966|fb86416c-d3d0-4f83-bdd6-8467b8c5e47d
Zara|Hearson|zhearsonbu@furl.net|72-4238202|36eb9c44-37fd-45ba-8e46-37fd874c995a
Joli|Jewers|jjewersbv@symantec.com|21-1784720|bf832767-aef5-4607-affe-6703c7d1ac24
Shalna|Dominighi|sdominighibw@drupal.org|13-5324686|6f2801d3-ab31-4456-bdba-65eb53e96ca7
Ruthie|Goalby|rgoalbybx@patch.com|92-9268192|643e1145-99e7-4cc7-a336-1fdb11689d89
Meghan|Crop|mcropby@ow.ly|12-1251373|ea84727b-3619-49f6-97b7-6c44019c57f0
Rand|Affuso|raffusobz@ucoz.ru|74-8318881|59dd10c1-f896-4b29-8778-b10ec26363ad
Ron|Aymerich|raymerichc0@ft.com|32-8627490|ff34f4e5-3ae0-4a49-8f81-6aac5171da94
Olenka|Guymer|oguymerc1@feedburner.com|24-7065110|17a8cfd4-aa74-45e0-a8a9-b0a1cd31f38a
Ronalda|Cartner|rcartnerc2@howstuffworks.com|62-8662288|83bc9215-f84f-494d-a77b-6dde8a41e7e2
Damian|Costley|dcostleyc3@ihg.com|65-7963617|fe42a4a4-1e37-4e62-b329-a395d1e169dc
Markos|Learmonth|mlearmonthc4@deliciousdays.com|00-3126846|17109cc1-7a7f-4660-8a80-059d50761c59
Robinet|Benting|rbentingc5@surveymonkey.com|13-3625966|9b689759-801d-4ea8-a1d6-3d7c201ecd0c
Kenneth|Bloan|kbloanc6@yellowpages.com|17-9021755|29f14010-3fb1-42ef-a57c-4ce0ef0f9c24
Erhard|Rowlinson|erowlinsonc7@squidoo.com|51-3555265|d978ba62-31f0-4e7e-a003-c539632e6f7f
Elene|Radage|eradagec8@soundcloud.com|48-0916397|799a2ab9-f9e8-4d3d-984e-f94a9ea970ab
Elvira|Frantzen|efrantzenc9@alexa.com|30-5286601|cef171dd-447c-46c4-a5c3-1db5c9cedca6
Moritz|Lambot|mlambotca@cnn.com|11-9298557|d7842151-ba9f-4ad0-9e45-6175d2dc88fd
Rhoda|Maunders|rmaunderscb@loc.gov|05-0224586|3ff7fa42-1d0b-4f7d-b83c-0421cde4d14c
Robina|Wotherspoon|rwotherspooncc@baidu.com|57-2281871|8e4f68e6-57b7-43c3-9b85-f077ad76453c
Tami|Itzchaky|titzchakycd@taobao.com|06-2899843|fccfb925-cb3f-4eec-a1bc-e932c0c9080c
Poul|Abbs|pabbsce@bandcamp.com|13-3077177|cb554f5c-8057-4339-a269-ba738598eed5
Callean|MacMechan|cmacmechancf@whitehouse.gov|55-7041309|f2c3b907-0f37-440a-b275-033ccce2702e
Marys|Alessandretti|malessandretticg@craigslist.org|03-0171379|be88f6c9-6510-4723-ba65-7656dca194a4
Hinze|McAughtrie|hmcaughtriech@spiegel.de|69-3864530|3e4ecfdd-72dd-4d65-bb3d-a96f8f5b3256
Elene|Peirazzi|epeirazzici@mediafire.com|67-6842550|03313f9e-d6dc-4f40-9560-5e3814f32ac8
Minny|Bolgar|mbolgarcj@webmd.com|32-6152857|108c9536-7990-48c9-898f-9b8f02ed2601
Maible|Heninghem|mheninghemck@aol.com|26-8510680|009a0bdf-784c-49c9-9f9a-d0ecdc0a408e
Magnum|Tomasik|mtomasikcl@blog.com|29-1924429|3f65e254-6f7b-401a-b54a-d958efd7d08c
Vivian|Arnhold|varnholdcm@g.co|58-9354097|3caa7a99-84c9-4dda-8ef1-1b86932f5658
Geraldine|Pearson|gpearsoncn@nbcnews.com|51-0552418|ed621bd5-7176-4478-861b-8ce12c4ba809
Rosabelle|Kilgannon|rkilgannonco@fastcompany.com|39-9778171|8e0b90a3-472b-4bcb-8b4c-0631fbe49ba5
Inglis|O'Cahsedy|iocahsedycp@artisteer.com|47-4077747|0daa090d-43a7-4441-82bf-f59dfcd9cd49
Concordia|Meynell|cmeynellcq@cam.ac.uk|85-2171364|299367dd-6421-451c-b03c-bf0eda3efc5c
Jourdan|Stieger|jstiegercr@edublogs.org|19-3831649|d1124df2-2ff5-44eb-920d-a7dc9b56ca7b
Sybila|Ravilus|sraviluscs@springer.com|21-4432540|6a6ae4ce-3718-4c4e-91ac-49d7032c62b0
Serge|Bauser|sbauserct@newsvine.com|52-4843727|6e4385e0-67e0-4b9b-b274-9c8c7c3b126b
Winny|Axleby|waxlebycu@chicagotribune.com|43-3735401|23213ef1-c9c9-4a76-b96a-548e712c51b8
Andeee|Walton|awaltoncv@nih.gov|38-6490837|af42810d-1969-463d-9458-4f89ccee9164
Tilda|Chesher|tcheshercw@dropbox.com|56-5104003|e8904e63-67fe-435f-9779-cf7207c597d5
Cherey|Walcot|cwalcotcx@theguardian.com|57-4787984|d57c757f-5e26-4c06-b6a2-e0577fd59b25
Myron|Farriar|mfarriarcy@examiner.com|41-5720240|f340513c-fe08-4811-b087-52df15c1911d
Jeri|Tocher|jtochercz@eepurl.com|49-8807324|713d745b-bce4-4d82-8471-43361ac3fa17
Reinwald|Noyes|rnoyesd0@eventbrite.com|32-1242394|769c2ba6-3748-46ea-898b-02f01f13f2aa
Thedrick|Borer|tborerd1@prweb.com|64-6689161|c8e3a544-9a42-44c2-979a-4f7abb36b3b3
Erma|Versey|everseyd2@simplemachines.org|42-2027772|03977216-4b03-42e0-b927-378556b67941
Belia|Reaveley|breaveleyd3@phpbb.com|22-0344952|9c1efe16-7819-432d-a252-71c7c7e25d4b
Artair|Fike|afiked4@squarespace.com|41-4197716|c32fede3-f599-4b93-99f7-7b4677ad4bf7
Reba|Merriman|rmerrimand5@blogtalkradio.com|00-1485213|af646787-a6a1-471e-b471-c7f2c8240fbd
Bethany|Coda|bcodad6@odnoklassniki.ru|09-7646835|3e34d8bb-9f38-410d-a761-152b0b76fab1
Hana|Masey|hmaseyd7@phoca.cz|70-3102126|07206b95-21a2-4086-9f2a-f55a191edbbd
Gideon|Brigshaw|gbrigshawd8@latimes.com|26-2212684|fe753e04-756c-48c2-b650-e92cd87d0ea1
Curr|Sinnott|csinnottd9@people.com.cn|44-6431295|8c0f86ef-ea84-4eef-94c0-df040f756882
Fara|Genthner|fgenthnerda@wordpress.com|80-6246335|43f9ae0a-31b7-41fe-953d-d91db67c15ba
Staford|Clemanceau|sclemanceaudb@mac.com|21-0038169|78028a04-e78f-4569-929e-e4a52e798874
Maurine|Swarbrick|mswarbrickdc@apache.org|34-3713556|6f8cc562-3efe-4a82-8489-f66c717494fd
Berri|Grisewood|bgrisewooddd@lycos.com|99-2441007|d7d01e4d-e6a1-45ea-975b-04742010cb1b
Ettore|Farryan|efarryande@ihg.com|67-4238017|e4731401-6b8d-4354-b1ad-288cfee3f5dd
Desirae|Haking|dhakingdf@canalblog.com|11-7944637|734a63f9-1a4c-440a-a538-9442d5be6dc4
Leanor|Karpe|lkarpedg@scribd.com|62-9356441|168baebe-38b6-43b9-b78b-b992decef16b
Wyndham|Goose|wgoosedh@marketwatch.com|56-7011883|ff8b68b5-8b83-4914-aaef-a81bc42dcd48
Sheena|Weich|sweichdi@wordpress.org|67-3295974|00b12240-01d6-41e1-abcb-b4b426324bfd
Alfonso|Beeke|abeekedj@japanpost.jp|18-4630582|2f5dd381-0856-44d0-adc9-f36b8bd41a17
Joshua|Rillett|jrillettdk@shinystat.com|53-6349998|8834b8e5-ded2-478a-900d-34956a6b2a31
Eve|Gooderridge|egooderridgedl@google.com|96-9365127|c2c4cafb-451b-46fc-9ce9-18f02547be78
Casper|Curnow|ccurnowdm@prlog.org|97-8750577|397ab73c-2199-4528-9e0b-e5ed0e48a8ce
April|Lifsey|alifseydn@yandex.ru|57-5361097|1216ff2c-5138-4850-b2ac-95acff3a879c
Matteo|Soane|msoanedo@mysql.com|11-7450999|fba617f2-1578-42af-9719-b7b07f41c6ba
Jacinda|Cadore|jcadoredp@time.com|27-6740419|a06ad72a-5ed1-458f-8b4b-a920b2d2849b
Arabela|Rallinshaw|arallinshawdq@tinypic.com|75-3542962|10ee13f8-35fb-4f24-a48e-6869919015b2
Adora|Okeshott|aokeshottdr@bbc.co.uk|23-7523506|5ef76e1a-92a6-4af2-9418-a2e2011d3ddb
Filippa|Giovanizio|fgiovaniziods@sourceforge.net|65-1375856|d28f3aa3-65ff-48f7-b148-1b6f4bd8bf36
Humberto|Daws|hdawsdt@tamu.edu|98-0091592|f1f5db5d-495d-4221-a993-2e85a1c59f2b
Ricki|Winnister|rwinnisterdu@hhs.gov|70-5794048|7763b022-615c-4810-b754-b404e9f1d492
Marisa|Gaytor|mgaytordv@tripadvisor.com|69-3127636|10a16264-90e2-4b94-b67f-a0cf22550c22
Annnora|Keays|akeaysdw@istockphoto.com|26-0440409|99ee5389-3a48-4e31-a8b0-b6c3776c4d21
Camellia|Garstang|cgarstangdx@unicef.org|35-3465734|c1b812ea-6232-4059-a97e-2d17b04c012f
Charmion|Ardling|cardlingdy@ted.com|14-5045815|25fd8521-d6d0-4001-b9d0-f4436b252791
Candie|Dinsdale|cdinsdaledz@amazon.co.uk|31-5607165|a985259a-4e8b-4154-8a62-b7142642ef51
Adelheid|Husselbee|ahusselbeee0@nps.gov|51-3821718|24ebd66d-6efb-4cc7-8e4d-300ebfc48efe
Casey|Sainsbury-Brown|csainsburybrowne1@live.com|19-8620179|78a6ba6c-4436-4618-9280-accf41b9c03b
Felice|Percival|fpercivale2@purevolume.com|95-5575981|24ed3008-9523-4ea5-9ad1-77130cff5d91
Jillane|Klishin|jklishine3@linkedin.com|46-5174136|2c5f702f-7160-4765-a7f1-6821a1405505
Emmanuel|Juzek|ejuzeke4@freewebs.com|06-6318080|6b2f8ffd-c0c7-4ab0-8cc0-b8ed91c02c10
Cornela|Aveline|cavelinee5@thetimes.co.uk|12-6327697|2a65ce06-a661-452e-9ded-7ec9f2d3d8e4
Maison|Revans|mrevanse6@google.it|32-4820499|468e9d8d-5dd4-4ad4-959f-b664f52c0f99
Claudelle|Issitt|cissitte7@skyrock.com|49-3801697|01e40baf-0623-48cf-9f2f-a2a083f6c062
Roderigo|Tweedlie|rtweedliee8@ft.com|63-6144260|b64030aa-eb89-4bc0-9997-e911fa340270
Page|Coppeard|pcoppearde9@wikia.com|66-7062525|c28b92b7-d477-4664-873d-6b6353b6f76d
Verna|Grichukhanov|vgrichukhanovea@hubpages.com|21-9721210|fffee2b4-cd93-4ba8-83d1-3a69c86cb843
Munmro|Kalinowsky|mkalinowskyeb@ameblo.jp|55-7729839|e331a519-9676-4b65-90bb-943fd3b7ace7
Lennie|Kinavan|lkinavanec@miitbeian.gov.cn|40-7986104|e3538c45-0c4f-4c29-9a16-51e762a138f2
Buck|De Vaux|bdevauxed@intel.com|29-8377455|890eb9f4-de76-4618-af7e-fcc6b2227c41
Wendi|Bear|wbearee@rambler.ru|60-5860957|ca458616-4550-4d38-98b4-98f327fdc415
Pepillo|Parysowna|pparysownaef@stumbleupon.com|22-5220891|b3ed1b77-1260-40ac-a1dd-a7d351ca821d
Dulcine|Longbothom|dlongbothomeg@paypal.com|41-2195801|a582536c-553f-4e95-946e-930e64f6cc61
Augustine|Brigdale|abrigdaleeh@seattletimes.com|12-2428743|cc6910a6-103e-4c19-a868-7fb2a852aee6
Emmalynn|Kernocke|ekernockeei@storify.com|62-4656703|3df8d84f-c52a-490d-ae34-a0dd978e6b7a
Velvet|Alberts|valbertsej@github.com|39-4337150|de3e38d4-f65d-4132-ba1d-b97079311975
Cobb|Rowswell|crowswellek@senate.gov|18-8251326|000873aa-3d7a-4272-a03b-e0fc3857ea46
Lazare|Pauli|lpauliel@hugedomains.com|85-1526463|a722299b-4449-4ea7-89e0-0d07acea1a7e
Zed|Andrivel|zandrivelem@japanpost.jp|06-3383910|e1008774-370c-41be-9ab5-c67609087750
Rollins|Shallcross|rshallcrossen@wordpress.org|19-9055110|d86cebaa-44ca-40c2-beed-fbad279ca975
Araldo|Yakob|ayakobeo@craigslist.org|74-0911811|df419df8-9873-4fc1-b189-0d723da87553
Felice|Swenson|fswensonep@ebay.co.uk|07-0529494|84c0f9e5-8fc0-4fdc-b9e3-ac3a04d3638e
Malvin|Britch|mbritcheq@furl.net|90-3941060|c32eb822-ff23-473e-b254-4ce78c0a123c
Rivkah|Phripp|rphripper@google.pl|10-2481313|e0dadcd7-54da-45b5-a8f7-e3f2e73792a0
Jamal|Thickens|jthickenses@whitehouse.gov|26-3130457|37bff7ed-6056-4fbd-b2e5-20d17fc645a0
Nickolas|Sweeny|nsweenyet@usda.gov|15-1596231|e9e7bf0f-5aeb-4308-93bf-6cb280767a30
Chico|Benkhe|cbenkheeu@hc360.com|17-4196955|196865c1-66b1-4ee2-98d0-dd79be8b48c7
Letti|Kiddell|lkiddellev@jiathis.com|26-2235339|1c785920-142e-4b2c-8f25-1d2dba299f80
Araldo|Noore|anooreew@salon.com|79-1885150|cfa13a94-0353-421d-95cb-de06843d7e65
Louie|Hallad|lhalladex@intel.com|42-6320244|a7bc3794-2df9-4ee5-9300-f2c7f2d4a229
Janene|Krzyzanowski|jkrzyzanowskiey@trellian.com|74-7458903|fdae0c18-9f21-44c4-8966-a52e67ff792e
Boigie|McEneny|bmcenenyez@si.edu|46-4090002|1d712eca-f6c0-43aa-b097-de958c7345e6
Nellie|Fussey|nfusseyf0@constantcontact.com|45-8090622|5aaa22f9-abdb-4e74-b946-bc0e8b221c23
Natalina|MacKerley|nmackerleyf1@comsenz.com|30-0361845|98138a56-fe75-44c1-bb83-c5a3c884c81b
Nichole|Course|ncoursef2@marriott.com|09-3611421|b64fe224-6872-4c73-a244-7a32890143c2
Ricoriki|Constantinou|rconstantinouf3@shareasale.com|58-1572745|2b151b03-ac93-4e1c-8e92-6a545b231cd1
Erminie|Collyer|ecollyerf4@uiuc.edu|17-4699548|7a243d27-b9ba-4832-ae9a-4b2741a5e323
Michele|Hammand|mhammandf5@skype.com|90-1511537|865a986a-dd0e-4323-87c2-9285985a4b02
Joana|McMorran|jmcmorranf6@instagram.com|81-8452525|25dc0e37-7f56-4d80-9fbf-1a2ce1bcb315
Belle|Lardner|blardnerf7@jimdo.com|05-0282259|d67e1806-1e9d-4830-ba0d-46023cf7aadf
Cindelyn|McKeever|cmckeeverf8@ibm.com|81-8894843|e9c1bf5d-93d6-4726-b09d-cab6779588d1
Christean|Stockney|cstockneyf9@va.gov|32-6808400|b34f251e-acb5-4095-9324-e9ec74bbee49
Sheela|Aleksic|saleksicfa@timesonline.co.uk|49-6247036|6986d4e6-7b6b-47b7-8207-8b529a1710a0
Alvy|Tolputt|atolputtfb@house.gov|62-1276507|b45661b7-4e28-45f3-a8f1-f828aabfe88f
Midge|Kaszper|mkaszperfc@hatena.ne.jp|61-0617204|20cfa173-f9ca-4671-875c-2e5fc4bb6927
Esma|Maharey|emahareyfd@people.com.cn|76-4140522|ad3bcf5b-773c-43af-8799-438ba4117c34
Lexis|Fassmann|lfassmannfe@cyberchimps.com|30-5382002|601736c7-65f2-42a9-ad8e-2db12573b4eb
Timofei|Britian|tbritianff@dailymail.co.uk|85-0243407|fe6d7b03-5e67-422c-90d9-84c1b019717c
Maye|Schultze|mschultzefg@globo.com|42-6669923|0fbdf0ab-089f-4bb9-ba3a-1ff8902747d8
Gris|Shallcroff|gshallcrofffh@microsoft.com|96-7705677|5a2bfe1c-7a91-43f2-912b-51600061d6a1
Kendrick|Mullins|kmullinsfi@e-recht24.de|51-3089784|160c67c7-cd1f-40c9-834a-16f5fc8b55a1
Gretel|Prendergrast|gprendergrastfj@fda.gov|01-0457310|602f573c-d2a8-43fe-a556-a5fe0d647151
Catherine|Trodler|ctrodlerfk@rambler.ru|26-6839906|cccc2b1c-6b49-40e8-a9f7-e0981b43786c
Aveline|Morrissey|amorrisseyfl@istockphoto.com|70-3743953|28327942-dfb0-47cb-89bb-1eb1d5352245
Jeth|Winspeare|jwinspearefm@yelp.com|73-0630975|657a07e0-2c61-494f-81bd-c5bf2442dc13
Drusie|Vasilic|dvasilicfn@w3.org|97-0227546|6506f975-246d-4aa4-91ca-d19eb1a66254
Penn|Pasmore|ppasmorefo@accuweather.com|22-1412954|ccf3f74c-2bc2-44e5-9848-8c9fdc919b3a
Woody|Tonks|wtonksfp@fda.gov|72-9952038|15b1b110-ba99-4bbf-89c1-84ccad187364
Siffre|Adolf|sadolffq@joomla.org|06-5144073|8d1472c0-5f7a-496f-8e21-d06ab51b3ee3
Shandra|Yeardsley|syeardsleyfr@state.gov|56-3880019|7113f526-8554-4bc3-a9d5-f2a1de48360b
Gwyn|Bertot|gbertotfs@newyorker.com|35-4645347|31df196f-e661-41d9-92da-a3d4e0499876
Damara|Maylor|dmaylorft@newyorker.com|74-4241041|8b7aef10-f69a-4225-822a-6baa35c76b3f
Carly|Klyn|cklynfu@weather.com|47-5886626|0c33e620-6a4f-4e2f-8303-e18c7650e8ba
Rodrick|Crocetto|rcrocettofv@odnoklassniki.ru|57-2603603|c8c96ea3-99d4-46a4-8da0-83ca60c0e5c5
Rosabella|Dumbrall|rdumbrallfw@ifeng.com|26-9373279|e941ed39-d76a-4322-9f8e-0e36d7e9a0a1
Moira|Cromwell|mcromwellfx@gravatar.com|57-5198835|4c31d684-ffbf-4687-92b7-20386f548135
Vidovik|Vink|vvinkfy@cnbc.com|95-2756748|ed2a47c4-4076-4aee-b877-f0ccd85bff0f
Prudi|Skelding|pskeldingfz@businesswire.com|27-2610390|307a6ec1-e696-45ea-a2b4-0bc399aeadcc
Lamar|Titterington|ltitteringtong0@hhs.gov|07-9419893|eafb10c0-22b5-4c69-a2e7-2f0585d32780
Reg|Antonomolii|rantonomoliig1@howstuffworks.com|41-8692171|454bfd8d-fda6-479d-96c6-d0ff1b10dda6
Alasdair|Incogna|aincognag2@cornell.edu|28-1757671|5d1307f0-95da-48c0-9133-dae958767720
Cesar|Cowherd|ccowherdg3@eventbrite.com|64-9560496|d96b0ab6-0b36-41b7-8656-be41d5726e76
Allis|Attew|aattewg4@yahoo.com|46-5530371|f3cd5c26-e18f-437d-9dad-54432958831a
Issiah|Whitewood|iwhitewoodg5@ebay.com|21-9967780|99249637-de86-428a-9970-da72df5064da
Raymond|Inge|ringeg6@cnet.com|02-7027506|c422be8d-06d9-441c-bb0f-bf336806da56
Isak|Filipychev|ifilipychevg7@homestead.com|64-5379204|d5f1830f-81eb-4c1b-ba7b-085d7bba584d
Pieter|Ruppelin|pruppeling8@com.com|31-6908079|1c92d456-b43e-496f-9b0e-447514ba7681
Banky|Chesher|bchesherg9@mozilla.com|67-2903462|ab336727-d3de-4555-9caa-7bfd50508508
Gwendolyn|Greim|ggreimga@cmu.edu|65-8669893|cf7cea05-024e-4427-97d6-48c6be02e750
Sawyer|Hellwig|shellwiggb@paginegialle.it|32-2629964|1f43a3e0-7cc2-48a6-94ad-180052b7e361
Gasparo|Lannon|glannongc@blog.com|37-5711753|cf478da1-fa15-4e39-903f-570e4bb7360e
Ximenez|Polet|xpoletgd@un.org|76-4056752|42c214b4-34f9-45bd-86b8-e84d7774f225
Dimitry|Sorby|dsorbyge@deviantart.com|11-7687501|3be3bd23-f5cd-4ea3-9ad6-59519d5f1ef3
Nestor|Asbery|nasberygf@twitpic.com|72-1015718|54653ffa-40a9-4fbf-a065-9fb65db3de00
Teriann|Caudelier|tcaudeliergg@dropbox.com|34-8818690|b61b8347-59c9-4945-87bf-0c667726f047
Ben|Deekes|bdeekesgh@so-net.ne.jp|07-6950905|d73f05d1-80b6-422d-8f28-1df670f2614a
Corine|Pavlitschek|cpavlitschekgi@upenn.edu|78-8583462|fb120da2-6d3b-41b2-b536-d64ca95417bc
Dex|Brodest|dbrodestgj@barnesandnoble.com|44-7700945|0e7d328e-cc6b-4b45-b3ac-07cac51d10ad
Noam|Lukovic|nlukovicgk@printfriendly.com|51-7394196|f79e1120-2145-4ce6-9ce9-e925096ecbfd
Nilson|Marton|nmartongl@examiner.com|94-3020380|e4b4b084-a995-4783-8a4c-41e031aba2bb
Felizio|Widdows|fwiddowsgm@hhs.gov|82-8301876|4a6c58da-6774-4b15-ac38-12826a3a0bea
Sanford|Jore|sjoregn@cisco.com|29-4706398|7bc18d28-42c8-4361-b713-998e5b1f0a8c
Collie|Guise|cguisego@unesco.org|61-2619096|e3539e02-a793-48ce-aa0e-a53d2dddfbe3
Othelia|Grumble|ogrumblegp@vkontakte.ru|07-6219620|ad970864-b94e-4f95-95ff-a6e952ca8f39
Russell|Sirmon|rsirmongq@nps.gov|21-2546578|094a4332-e469-46fa-aa37-40d5a678b42d
Sharai|Cogle|scoglegr@webeden.co.uk|45-7320436|025c16a3-3e3d-40ec-9226-3c13af5a0d39
Zitella|Skrine|zskrinegs@t.co|77-2018055|7bcf619f-8b47-46a2-86cd-a3a43193e05e
Pet|Brigg|pbrigggt@buzzfeed.com|05-3530214|6ec17002-da2c-4d41-bc8a-f0a8147c551e
Maurizio|Clavering|mclaveringgu@redcross.org|84-1054625|afc2a383-b547-4f8b-9614-5ce9b4b21eef
Pierrette|Rogans|progansgv@mayoclinic.com|07-0119004|11d0bf36-65d3-4f3b-9f1c-ad2eb42805fb
Phyllida|Hurdis|phurdisgw@g.co|09-0250248|3b70d30a-3251-46b3-93e2-bb128f8d2b97
Nealy|Cocksedge|ncocksedgegx@symantec.com|97-3463615|c00e370b-d62d-4f0a-bb24-241b1468b184
Renault|Mapam|rmapamgy@xrea.com|83-8012013|70816ddd-42cb-48bf-ae4b-279953aebc4f
Garvy|Fitzroy|gfitzroygz@ovh.net|07-5246918|393c2a2e-6ba5-4649-a1a6-9cdb2df6db03
Eleanor|Matyukon|ematyukonh0@ehow.com|76-2560172|494d8c6a-33b1-4f1f-8f8a-ad21cdcbe380
Arny|Sevier|asevierh1@utexas.edu|20-8427884|a8644c73-b32c-450f-a855-8a20d6215129
Farly|Verman|fvermanh2@last.fm|05-7145351|f4b4a1e3-cabc-448c-87e0-8d299cd9f1a9
Kristopher|Bartholomew|kbartholomewh3@xing.com|09-3481081|18513e93-8686-4323-8b62-fa74c1097974
Shelby|Lezemore|slezemoreh4@dmoz.org|63-8313671|b370fd9b-80e6-4643-873b-868eefd24901
Collin|Partridge|cpartridgeh5@dailymotion.com|45-6331876|e9f9f5ce-b322-49d8-b29f-d183ebb26d22
Arri|Brockley|abrockleyh6@miitbeian.gov.cn|33-8466760|58072483-c694-4476-8a2e-7b5a00ee584c
Garv|Dullingham|gdullinghamh7@desdev.cn|65-1725514|643f11b8-e921-4a25-9274-fcacee936cb6
Pryce|Quinton|pquintonh8@si.edu|85-3920990|d0c23e8e-80c4-4e04-8025-14bc401c2923
Fonzie|Keijser|fkeijserh9@blogspot.com|62-1785309|6661b814-1576-4a21-8800-6e17d3f9dce5
Charley|Ludewig|cludewigha@springer.com|85-4109513|e06c7f16-ec09-4d24-8fad-ba27f99b1175
Katy|Sola|ksolahb@ehow.com|56-0566252|5bb0482e-11b2-40cb-9986-b57a9aaf2f96
Johnath|Bech|jbechhc@hibu.com|02-8918073|52cc7cb3-aef6-47c3-b880-9a554ab81d71
Pancho|Andreuzzi|pandreuzzihd@sphinn.com|42-8777256|57faf40c-4847-467f-b17d-bc7be8cecaf8
Sharona|Elbourn|selbournhe@google.nl|83-7687845|35327eef-cb80-4560-b175-91e0dc12229e
Lamont|Biggins|lbigginshf@digg.com|16-9536432|0b9629fe-d72a-4f8f-a6a7-61be5d1968e5
Arch|Pittel|apittelhg@state.gov|87-7157192|84fd45e1-b879-40f2-8ecc-45050cb8e4ad
Tanhya|Cleve|tclevehh@vk.com|00-9492585|16706683-a26c-4591-9b37-0371c40bf1ea
Chiquia|Southwood|csouthwoodhi@rediff.com|38-0607007|d1673f83-d18c-418d-ab80-e78d29310be5
Reinhard|Ohlsen|rohlsenhj@upenn.edu|69-9564726|861972cd-944c-4ebf-a556-3cd68d04762f
Sim|Lyles|slyleshk@ucsd.edu|61-1905008|734301e7-7b80-4177-bc60-e84b1dc369c6
Randall|Eskrigge|reskriggehl@gizmodo.com|42-2553370|ff627c67-0b41-42ea-ac49-cf4ad57ad027
Courtney|Longfoot|clongfoothm@qq.com|50-2300168|3cf6d22e-069d-4613-89fb-ea642f4382af
Carie|Grestie|cgrestiehn@google.it|39-4510804|bb875aea-f1ef-4396-9df5-a8dcec28c7f1
Kath|Grinikhin|kgrinikhinho@indiatimes.com|73-1628168|8a5a8a44-0f87-46d5-aba7-9b1e9c64fac6
Charmion|Langthorn|clangthornhp@theguardian.com|87-0855114|3b36d0b0-ac72-49d4-8b8e-d82913a42e0e
Chrissie|Oventon|coventonhq@de.vu|90-1880556|fcf25cf8-47c1-4231-a46e-559d6948fa58
Elmore|Bringloe|ebringloehr@ustream.tv|10-6899129|392ed611-9b4c-4b87-bffc-be15f4ba2d7d
Oswald|Iapico|oiapicohs@digg.com|05-6910691|93012e37-8e61-4dbd-a53b-f4d53e4408ff
Caren|Gradly|cgradlyht@kickstarter.com|90-9761537|67dcabcb-5952-4b07-bb5b-837393cf7b0b
Norton|Stiling|nstilinghu@webs.com|02-4638288|567b6b85-2b15-4e74-9f24-5986f376be63
Scarlett|Starte|sstartehv@people.com.cn|27-0274057|03ee2e2c-51db-444a-837f-ee27a8bd0b0c
Lela|Huggins|lhugginshw@shinystat.com|34-2204368|43548321-8476-4ad6-89ab-86ab9fef6557
Ganny|Mettricke|gmettrickehx@people.com.cn|51-8749878|c1eec682-c387-4138-b3dd-d7034724cd58
Lenora|Thackeray|lthackerayhy@utexas.edu|60-8726705|e519f3ff-b7a7-4bfc-8975-b4258d963300
Germaine|Inglesfield|ginglesfieldhz@upenn.edu|45-0542175|0e635b53-dc47-41fa-9991-28cf74924109
Jdavie|Lark|jlarki0@oaic.gov.au|35-5137820|c2d33c6f-bb12-4505-b599-79d2d671c1da
Shayna|De Mico|sdemicoi1@com.com|35-1590291|11febde8-8245-4b4b-9348-f570820c367f
Chip|Cayette|ccayettei2@about.com|51-8947347|ea6af71b-b35b-4fe8-9c2f-221f0864238b
Lian|Gilbank|lgilbanki3@alibaba.com|93-7370073|09b3678f-8fa9-4aad-9985-521c73af8bcb
Yevette|Shepland|ysheplandi4@answers.com|57-9054689|b8b63ab9-93d7-4072-a845-40fe2dc21963
Verna|Daltry|vdaltryi5@google.co.uk|21-8154724|3774b75d-c39b-4333-a7df-a31c033958ad
Winifred|Wasteney|wwasteneyi6@theglobeandmail.com|26-8563813|4d3d96c5-04c1-4fa6-807e-c7cae628f21e
Kiri|Noir|knoiri7@google.com.hk|44-7472167|a451ddaa-7754-40f2-9ee3-87d2c13a3c88
Karole|Warbey|kwarbeyi8@state.tx.us|24-0462912|6ca25ce4-b06d-4366-aa20-78f9c30b502a
Skippy|Tertre|stertrei9@spiegel.de|37-2277718|696c83a9-dbad-441a-a8fc-4368d824092f
Dallas|Saul|dsaulia@multiply.com|86-3159464|dc0db6d9-c6e8-4306-b3cf-bf7080335c77
Jacenta|Worshall|jworshallib@wisc.edu|09-0582751|0ccf2807-1e85-439e-8dee-8a6cdda20caa
Rudd|Goodger|rgoodgeric@prnewswire.com|38-3934614|9e2a6e3c-0507-4073-a77d-0c9ddaf53006
Justino|Meriet|jmerietid@usda.gov|40-6508542|f37f039b-efaf-4d84-a987-edb99529e742
Sydney|Arthurs|sarthursie@histats.com|48-4369990|7e7ac417-acce-4605-95de-8d298937676e
Wadsworth|Pastor|wpastorif@google.com.br|21-8792103|5ae9c4f3-13d6-4e46-b9f3-1b57a6c02d84
Wally|Knowller|wknowllerig@shareasale.com|59-2743485|36713522-b28a-479d-8e96-668b9c3a7c15
Susie|Sute|ssuteih@redcross.org|73-8645374|ed7c50e3-ca22-45c0-a576-929d249fd16e
Camala|Cowterd|ccowterdii@quantcast.com|53-4572647|3b56bede-8f9f-4494-bce5-a281e4f0e1c9
Filia|Nevinson|fnevinsonij@barnesandnoble.com|37-8286250|eff3ee82-0a1a-4a3d-ac07-c6a0d7ac26d9
Thorin|McGettigan|tmcgettiganik@comcast.net|29-8713250|e5b4745a-3bd8-44f9-a04b-91c4d2b88af9
Holly|Le Friec|hlefriecil@e-recht24.de|04-5426828|4e441a51-f1b5-4fbe-b123-2709d63bf4e9
Saba|McCay|smccayim@nature.com|36-9280372|02efbb3a-4a66-432e-b22c-eb6491b9ef2e
Francine|Frushard|ffrushardin@yale.edu|91-4951626|3bf1266a-9085-46c5-91a4-81f0083c935a
Talbot|Simonetti|tsimonettiio@house.gov|75-4007390|1d6109e8-3b7c-4205-bb9e-45e1041b8117
Courtney|Lunk|clunkip@amazon.de|67-0941750|eae90e7c-2d50-4a0f-9d8c-25d9ed7b1b2f
Almeta|Mor|amoriq@php.net|84-0217636|3d10d4ad-f5ee-4d07-88f1-0f6eeb92ea9a
Idaline|Adrien|iadrienir@ocn.ne.jp|36-0349284|89a756cf-a2d7-4dae-8708-96128d5f96a8
Claretta|Potell|cpotellis@scientificamerican.com|78-6282801|f359d4c5-1e22-4347-b613-5c9e9f9c70c2
Abagael|Bree|abreeit@theatlantic.com|57-5369208|3d5a24b4-3086-474d-ba9b-48df76512efd
Alleen|Zeal|azealiu@wp.com|79-8165855|0520aa5f-8601-402a-a985-569281a55602
Waylin|Littlepage|wlittlepageiv@alibaba.com|49-4897365|63a17beb-cf05-42ad-b6c4-3cf70e98db46
Rania|Silbersak|rsilbersakiw@ucsd.edu|15-9316769|c6dd596c-21cc-47ed-80e7-2fc2325ef4a2
Marylee|MacAscaidh|mmacascaidhix@symantec.com|25-7015039|9ab328e6-bf67-4a84-b4f5-8c9d20de86bd
Aryn|Sturney|asturneyiy@unicef.org|23-3844462|82954125-b302-4201-99a1-b3ae68cff944
Jasen|Measor|jmeasoriz@elpais.com|74-5426782|cd04025f-0ccf-43c4-889d-60eef26bd0d4
Melvin|Guwer|mguwerj0@zdnet.com|07-9008698|5dd4c1b1-19c2-4e4f-ac1c-0ae60855cc53
Arney|Lawey|alaweyj1@yolasite.com|76-3638789|0dc8f7b1-5c99-4ead-aafd-b7ebc019469b
Wells|Casterou|wcasterouj2@163.com|91-3915700|d2a92ead-b024-4599-961b-defa9ca14838
Merl|Dows|mdowsj3@ezinearticles.com|58-2507572|7788d5af-870a-4286-8860-cc7ce425a3cd
Orlan|Rosenfelder|orosenfelderj4@uiuc.edu|19-3679380|22795e8c-235d-4726-be75-62ca38211c63
Angie|Jardein|ajardeinj5@wikimedia.org|08-1246321|832f4eeb-ded5-499f-a449-f8a42c39ae75
Amalee|Maryin|amaryinj6@github.com|00-0157185|67b8634a-4b9d-402b-877a-728d582acb88
Morris|Hemeret|mhemeretj7@netlog.com|22-7021813|c7673988-82aa-4f7a-9b83-b637e7bea5a6
Germain|Alexis|galexisj8@bandcamp.com|55-1658029|1484a6d4-cbd1-47d1-b7bb-c25895d1b02a
Cookie|Rossant|crossantj9@jimdo.com|62-9268272|584e0242-31a7-4158-aabf-e0f87622581c
Keenan|Lingfoot|klingfootja@amazon.de|05-2983094|5038d984-7c4f-4887-bbba-47a1314f5d95
Beatriz|Drews|bdrewsjb@google.com.hk|76-3417741|a8235387-ea9b-469a-906a-de624359f6db
Ricky|Daburn|rdaburnjc@gmpg.org|55-9889548|7cc92901-27b2-4664-83ed-e7281a9d9390
Linnell|Godbolt|lgodboltjd@whitehouse.gov|75-4645537|181f4906-77e0-4ea7-a502-bc1a04c51d59
Chickie|Philpott|cphilpottje@blogs.com|62-7370425|df102398-47e2-4e04-b1b0-092241ea6698
Kelby|McNiff|kmcniffjf@barnesandnoble.com|75-7439489|4da24f55-779c-47a9-908f-532f869a5e63
Valentin|Zapata|vzapatajg@wikispaces.com|26-3099342|ad377c92-c466-4c41-b13c-b6767362b52b
Llywellyn|Bagnall|lbagnalljh@blogtalkradio.com|03-3868151|9f12cfad-0376-4e73-815a-52dd57b30c50
Shaylyn|Botly|sbotlyji@dion.ne.jp|90-7248449|977731d3-e916-4421-883b-8eac9a60918b
Consuela|Quadrio|cquadriojj@networkadvertising.org|30-1885230|9b99ad89-cbae-4fef-901e-9fd96bc923e1
Wittie|Warham|wwarhamjk@wsj.com|59-5199984|571aa227-6a1f-4d7f-b064-335edca79842
Florian|Scotson|fscotsonjl@dropbox.com|68-5983239|23a96af2-8f40-4310-81b1-83925b8a34a1
Tiffany|Klawi|tklawijm@linkedin.com|86-5806269|623db9a9-d7a9-405a-a4e3-e4d662201aab
Camilla|Occleshaw|coccleshawjn@illinois.edu|87-3595391|fe5ba0f6-ae1b-4c2e-af24-2b1445ee0d21
Arni|Strowther|astrowtherjo@msn.com|84-2600154|fe73c83f-5318-4c69-9e0e-90910b851c69
Adoree|Yukhnin|ayukhninjp@economist.com|99-0945250|609fa4ad-1be0-4801-bb55-069c4313241b
Tully|Tillman|ttillmanjq@wikia.com|55-7512807|8d470404-c36c-47a4-9c2b-ee5ce28eedbc
Kris|Roggers|kroggersjr@dagondesign.com|17-3628210|b45ccdb0-601b-483d-b8f6-b8855f703ac4
Elfrieda|Schwant|eschwantjs@hubpages.com|50-6596573|2ebf6eaf-85ae-4dba-8b04-cd1b59ff9ec1
Mareah|Stilldale|mstilldalejt@dagondesign.com|65-8855521|bb1b3f0f-f76c-4040-9916-5586d84366da
Delphinia|Thridgould|dthridgouldju@who.int|98-6762030|569fa9c0-a6c1-4f9f-99f9-3c21c2b8c15a
Kelcy|Clawley|kclawleyjv@goo.ne.jp|81-8170526|6c7bd28e-2960-4afc-88bb-81d8ab94c8ba
Dag|Donnel|ddonneljw@quantcast.com|31-3750392|a5f2a67b-effd-4229-b3e4-23c9123804a0
Glenna|Nansom|gnansomjx@hugedomains.com|49-7312931|fc86f0fb-4144-4008-bedd-a0283a0b06df
Druci|Leander|dleanderjy@newsvine.com|53-2072653|44fe4021-cab5-4858-bcaa-c5d684ec2300
Laurianne|Cunniffe|lcunniffejz@tripod.com|39-1367444|06a84d31-b981-42f3-9368-34639e8c2c85
Beniamino|Conelly|bconellyk0@shareasale.com|34-1786293|e20a613c-462f-4e49-b5ab-a45b2d18f1c8
Ari|Thornewell|athornewellk1@w3.org|85-1432211|45a9be3e-6171-4be5-8e3c-b4f56f32165b
Brigit|Ivashkin|bivashkink2@harvard.edu|13-5849259|8e0afc8a-6b7a-4a25-83a3-40068b06b3f9
Roxana|Lidgley|rlidgleyk3@wp.com|48-1220783|58a5c996-922a-4c60-a96a-61c9ee4a9bde
Daniella|Humpatch|dhumpatchk4@tripod.com|41-8335707|524127c5-6a7a-43ea-bf8c-3a1a1a76fdea
Lanni|Crowthe|lcrowthek5@ycombinator.com|83-1346965|d60bc44d-710c-4de5-bf72-3743f0e46c0a
Ernst|Moorhouse|emoorhousek6@livejournal.com|65-2710140|4edd8817-a0d6-47b7-ad1e-44f5f070762c
Druci|Wingfield|dwingfieldk7@github.com|22-0656896|8b51b825-e52b-4895-bad5-f14c4c4319a2
Britt|Biddulph|bbiddulphk8@networkadvertising.org|08-5876709|c99159a5-1ce2-49dc-a30a-55d3b5d429f0
Harriett|Lewinton|hlewintonk9@unblog.fr|27-1145117|06c6e439-bc56-43c9-81c6-5330e4d14b9f
Richart|Passion|rpassionka@home.pl|05-3375692|69b17fd3-5546-4c2a-a5b2-36b1ddfe5836
Goldie|Maxwale|gmaxwalekb@deviantart.com|65-5227302|06549b34-fae5-406e-be27-2fd625992166
Hazel|Cawt|hcawtkc@weibo.com|59-2714559|4b6a9064-4e4a-46d5-89b2-a0dc1efdc7cd
Tailor|Gifford|tgiffordkd@netvibes.com|10-6730949|2c3df0df-37ee-4f3d-866a-0a1bd0d80c14
Bert|Tebbutt|btebbuttke@unesco.org|18-7383078|2c90fdbd-6733-4c91-9b86-3d11e913cf46
Jared|Smitherham|jsmitherhamkf@dmoz.org|31-0450508|fd4f96ed-3890-4a4d-8d64-a4f36b530cde
Ashien|Barizeret|abarizeretkg@parallels.com|08-4472546|b8c38dbd-28d3-4011-9611-93936c0801de
Dareen|Brenton|dbrentonkh@woothemes.com|59-6229693|11a6aba9-16c9-46a3-8d36-c18226c5fc4c
Dorella|Blogg|dbloggki@canalblog.com|05-9350577|41443623-eeb0-4ec5-b4bb-bcd244631393
Alexis|Ribchester|aribchesterkj@techcrunch.com|86-7177246|5f9b904f-9405-4a11-9f1a-7c6af1943850
Ilario|Fensome|ifensomekk@blog.com|52-2571683|b443838d-bbcb-4327-8516-8da67c269af4
Shadow|Adolthine|sadolthinekl@wikipedia.org|80-1212141|b1f7a091-5c73-4d31-a101-9a6b84df30d5
Gunther|Temple|gtemplekm@wired.com|47-8637041|04337cd6-3732-4a67-8f35-05c360ba756e
Clarisse|Gounet|cgounetkn@drupal.org|43-7661666|9106f081-1228-43b8-a4b2-97d51457914f
Leif|Lohan|llohanko@google.com.au|28-3723752|010cfd26-d020-46bb-a895-3e0515b5d7d7
Em|Baldock|ebaldockkp@msn.com|37-8362644|2b15d9da-3ce1-43be-89e7-7ac08caf85b1
Gregorio|Probate|gprobatekq@blogs.com|95-9157417|ac2cebfe-6e46-4e5d-a612-011a100e9b4f
Eddie|Everington|eeveringtonkr@simplemachines.org|53-8377058|d64239bb-026f-4ff3-a0e3-05baf39a8853
Pansie|Ioannidis|pioannidisks@livejournal.com|02-8349282|096a6244-cbef-40db-b341-88d3d75b7257
Ned|Ilyukhov|nilyukhovkt@delicious.com|49-2840646|c9b988f8-b17e-4adc-ad3b-397ac56ff726
Pam|Howis|phowisku@loc.gov|06-9193401|66c5d159-740a-4b34-a90f-0b31b3ca29df
Elliott|Pelz|epelzkv@census.gov|13-4492046|b8c95840-2e71-4a1b-9c1a-ba8198367f0d
Nealy|O'Carroll|nocarrollkw@prlog.org|28-1114556|2a410d4c-3b5b-4a20-8cd1-78c3365f105e
Albertine|Hilary|ahilarykx@hatena.ne.jp|73-4437590|3a60a668-fdc9-416d-814a-5879faf60384
Prentice|Scoular|pscoularky@arizona.edu|58-7350736|ce1f76d9-1b3f-42f5-b5e9-238bf687fd49
Wynn|Di Maria|wdimariakz@cbc.ca|76-7405276|9271cd6a-57f6-4c77-a284-79954a6d2840
Clemens|Durbyn|cdurbynl0@paginegialle.it|30-3067523|a8139bb8-9038-4d27-8d2d-0dcd7aaf1422
Myrah|Shepherd|mshepherdl1@globo.com|54-9487877|ac6f45a9-e581-4481-ab23-7af6906319ac
Huntington|Whewill|hwhewilll2@gizmodo.com|66-4919620|b8b09278-c5f2-499c-a183-ad8a70bd4b3b
Falito|Lumsdall|flumsdalll3@edublogs.org|14-7799359|cebf1f05-e4f1-4df4-a728-4ed8135f189f
Marni|Tennet|mtennetl4@businesswire.com|58-1610272|972ff83e-025c-407d-a73d-5d3a66598080
Bridget|Howsan|bhowsanl5@npr.org|98-3884469|e0910009-18fc-4d5e-ae5e-96b972855ee6
Valdemar|Schaumann|vschaumannl6@ucoz.com|53-8384059|8f1d373f-6d48-435a-a0a9-e99a9e5d02a1
Yevette|Delmage|ydelmagel7@google.de|88-1745698|7d8febcc-c1e8-4f31-8a5b-286b50a51332
Wallis|Blood|wbloodl8@privacy.gov.au|42-0347129|676468ae-5e44-4bea-b349-8c07917ecf36
Paulita|Pinchon|ppinchonl9@miibeian.gov.cn|75-3067196|3305544d-57d6-484e-ab04-f1912c5a0515
Yankee|Rosenberger|yrosenbergerla@desdev.cn|56-9825757|a8b7c89b-970b-40d3-92d8-7d2f32f20c7b
Carr|Lyttle|clyttlelb@livejournal.com|44-4788630|960cb9c8-519e-427f-b0d8-8d896c60c4dd
Gusta|Lush|glushlc@yellowpages.com|13-6305700|265d8ce9-7317-41e3-bac5-3ae938d86e70
Mel|Atter|matterld@unc.edu|08-5079779|d840a8a3-8f08-4617-986f-a16ebe224bc6
Bruno|Grzelczak|bgrzelczakle@meetup.com|69-3863872|832ebf24-a5a0-4282-b046-d46346310118
Joscelin|Kittoe|jkittoelf@nytimes.com|40-8606630|8005750d-01d9-410b-bcb3-4c211434a84e
Garrott|Medcalf|gmedcalflg@canalblog.com|49-1321935|6ca2bd6e-b8a4-4972-8db2-4106125dbfc0
Denni|Lynde|dlyndelh@oracle.com|41-7204952|18765ef0-8424-4128-9845-c0dee2642799
Granthem|Beaudry|gbeaudryli@irs.gov|16-4853240|2ce1afbf-1fa5-43de-ab7a-5c77724c7176
Kalindi|Pourveer|kpourveerlj@unblog.fr|66-8799242|a3ff9e21-afdf-492b-819e-7a0c7bbdd583
Kevan|Bestar|kbestarlk@last.fm|65-9789695|46ae617a-fc03-4f37-8150-d47c5250c39e
Howard|Timcke|htimckell@rediff.com|61-4394326|a0bd222d-680d-407e-b544-584bf995b9fe
Steffen|Oneil|soneillm@gov.uk|92-0436581|d9c27b0b-d991-4d9b-8e1e-007f84cd5b2b
Doria|Dewfall|ddewfallln@ibm.com|63-0730604|8f20dd6d-1b8c-4419-bd79-fd7681c76717
Tonie|Lepard|tlepardlo@wunderground.com|95-0401249|64d85ff0-6bb2-4b01-b30e-3ecab0f40dc9
Patin|de Voiels|pdevoielslp@youtube.com|96-4614689|aab6ff49-8d3a-42d5-8e69-23210064b09b
Augie|Chaucer|achaucerlq@hugedomains.com|75-7395123|0915116c-a8fd-417a-8930-22fc87095cdb
Johna|Chisholm|jchisholmlr@prweb.com|51-1199306|b77d7a05-5347-433f-bb38-671187c00e55
Sargent|Kohler|skohlerls@hp.com|04-3230093|44dc65f3-0aee-473b-8eac-1c0c3a38652f
Ulick|Jeannesson|ujeannessonlt@topsy.com|01-2375802|d82dc4ab-b736-4398-a1d8-71c9120b596e
Ashli|Cromwell|acromwelllu@ibm.com|43-2917810|1eee234a-4ec3-428e-b660-58ea61d35a2a
Peggie|Louden|ploudenlv@booking.com|59-7971962|0396d0cf-b700-43e6-90bb-e5eec7e64f22
Arther|Pfeifer|apfeiferlw@360.cn|38-9496995|e7fccda6-2c20-4c98-a6af-edbc63a6f868
Dominick|Moreinu|dmoreinulx@ning.com|47-4328116|a388d9b7-1f68-49e6-abe7-9b00265ea553
Malvin|Rayer|mrayerly@webmd.com|11-2006540|c5ea1d08-a007-4d9e-9a42-a8a1b9d01d7c
Alleen|Clutterbuck|aclutterbucklz@mtv.com|22-6711648|2b1f8fd8-5f3e-43e6-abbe-d43e1a1af4e7
Adams|Fidock|afidockm0@ox.ac.uk|48-2417866|192b5cdd-3b76-4cbe-9fd8-36bb9d5d40b0
Clementine|Iron|cironm1@mlb.com|03-1230317|e78e1ad7-48e7-4b86-9afa-3e702e94fa45
Lucian|Cox|lcoxm2@sitemeter.com|53-7040050|09b7d2ef-96dc-4d29-9e77-1a804011cf50
Stormi|Ashford|sashfordm3@imgur.com|00-8289042|47e0ad4b-af9b-4ace-bc63-8dddaee16f21
Trula|Langstone|tlangstonem4@feedburner.com|67-1326664|3b89dd82-90b4-4e4a-bd98-a1eca7ab3e84
Janela|Theaker|jtheakerm5@stanford.edu|43-9253154|e79f15a3-2408-44d9-944b-32f1efcf863a
Merry|Presswell|mpresswellm6@elpais.com|97-4169589|9c238fb0-9669-4b6c-82a1-669bab070e9a
Charley|Beane|cbeanem7@mapquest.com|21-2831075|80777fcd-8a7d-422d-99d1-617932d22548
Adora|Vinsen|avinsenm8@reuters.com|42-7970832|a0d12a52-1497-41c5-8030-20448d94da25
Lezlie|Camplen|lcamplenm9@usgs.gov|99-3117895|e76a64b2-62ed-4b58-a7be-66c1c3864ffd
Leesa|Bockmaster|lbockmasterma@nasa.gov|47-0875840|8ecd9920-7c2b-4649-8278-5df3ac9ea9ec
Robbie|Hunn|rhunnmb@japanpost.jp|85-1476119|2b5cc2d7-f986-4f98-87b6-7869b634aee7
Rudy|Perigoe|rperigoemc@creativecommons.org|18-5892782|f7009831-12d3-4d81-9570-2aff2572ad26
Petronille|Ecclestone|pecclestonemd@bizjournals.com|94-4249964|00df36f3-fc91-403b-99db-140aec69ec08
Devy|Eastbrook|deastbrookme@google.com.br|16-2346442|2f128dde-c688-47eb-b9cd-fbcf26410957
Maxie|Cutchie|mcutchiemf@goo.gl|84-6133391|370f2525-cb62-4c93-9c8d-e1181e17bda5
Alyssa|Bygrove|abygrovemg@mlb.com|21-4343601|30599563-3d6c-4f82-8a13-a0884db00635
Reinwald|Flaune|rflaunemh@skyrock.com|96-4481755|e47f79ba-93c0-4d39-875b-1b2f838d8f80
Jocelyn|Braiden|jbraidenmi@list-manage.com|40-1465053|b08425c5-55e7-4510-8c63-6ba31675381d
Bili|Shovelin|bshovelinmj@a8.net|51-5919040|97e73222-5912-4132-9c16-e8b1dc312a43
Calvin|Kilmary|ckilmarymk@a8.net|19-2048844|b9281418-7f05-4717-83cb-1b7dab1063d1
Dallas|Vass|dvassml@oakley.com|47-9494872|c9199fcf-58c9-46a4-bf71-5ae3c5d05737
Jillian|Towell|jtowellmm@soundcloud.com|59-0981530|df8f3044-94e9-4ec9-9e56-623e8026c6ce
Fidel|Beal|fbealmn@fema.gov|80-7342334|8029d1a2-1fb7-4a71-94d5-51ab1b2b4ad3
Marion|O'Corrin|mocorrinmo@ezinearticles.com|48-3002673|3daee37a-aebb-4042-9138-57b366717f65
Lindsay|Arminger|larmingermp@wordpress.com|47-0282759|b2befe94-6d50-47af-8e18-ff13db83c160
Haze|Fulloway|hfullowaymq@intel.com|77-4142521|4e0185b1-4acc-4b01-b68d-345e8aedeaba
Boigie|Baumford|bbaumfordmr@go.com|83-7200908|d43ec144-d587-4358-a438-2f91fd083fa0
Kiley|Florio|kflorioms@un.org|50-6593520|5ac700f3-b337-4b00-884d-d20639364623
Elfrieda|Seaborne|eseabornemt@i2i.jp|50-4008065|63b5abb5-8a0d-4530-8e25-ddedfcbf07df
Bryant|Glenny|bglennymu@digg.com|00-2531710|2451a6ce-9a6f-4a77-8196-2c14d14af84a
Carilyn|Gaynsford|cgaynsfordmv@phoca.cz|49-1288916|a4843997-b448-4808-b0ba-7a12799dc1b4
Iorgos|Joel|ijoelmw@technorati.com|95-0010776|7d46c55e-5e13-40ad-bbbc-8ac3dc5fd6fa
Jemmie|Burrow|jburrowmx@statcounter.com|30-9869669|89b40f7b-68df-47dd-b5b3-a54be82dc31b
Trace|Gyde|tgydemy@ask.com|91-7325796|db032c90-f2df-46dc-92d5-6837196401d6
Melisa|Lishmund|mlishmundmz@ca.gov|35-7657951|061bebf7-ab9c-4ebb-b975-fe43a374fd4f
Darya|Falloon|dfalloonn0@addtoany.com|49-8753089|c829ecea-6b4d-41f7-8e96-6b04db23e8e7
Tilly|Sturridge|tsturridgen1@shareasale.com|02-8020146|f01b41fc-2ce9-4e11-9a01-801097f9bb61
Wright|Chapple|wchapplen2@reference.com|88-5269520|099068a0-3534-4411-a335-8f6cfa615174
Elladine|Fairbrace|efairbracen3@wunderground.com|65-1978536|bdea5ac3-cb37-4807-a856-87bd4346cc63
Rutger|Danilov|rdanilovn4@whitehouse.gov|76-9800868|368eb93e-3ac7-4066-abb7-e182cdf32038
Florie|Lohering|floheringn5@elegantthemes.com|42-8947527|a8c3a576-1b6d-4bbe-8a36-b67bb2cbf547
Gifford|Lanphier|glanphiern6@about.com|52-9822226|b49bed48-a4a6-4998-98c8-37000475f406
Trev|Questier|tquestiern7@google.com.au|73-9444960|9cbef922-d361-46db-9e32-1347c8d92a0a
Odelle|Coady|ocoadyn8@apache.org|93-2380633|c55b4601-d650-4eea-a90d-18294d941d4d
Marc|Pirdy|mpirdyn9@diigo.com|60-6842341|025362fe-0b45-4563-b891-1f5d878b7cb8
Lalo|Alishoner|lalishonerna@lycos.com|16-2204099|c753077d-4c79-4e82-8039-66efcb54ec13
Nils|Challen|nchallennb@princeton.edu|24-9599340|9d041be7-d6a1-443e-9e4a-73c9ac27f8a2
Isaac|Belverstone|ibelverstonenc@123-reg.co.uk|85-0976315|afe12748-496b-40ed-a201-bc2d0a031aca
Natalee|Coode|ncoodend@sun.com|25-0180810|024532cc-512a-4351-84e2-e4db3de5f844
Corliss|Pratley|cpratleyne@pinterest.com|68-2085980|494de878-455c-4c55-bff0-327ff899a49d
Win|Warrack|wwarracknf@hibu.com|55-5915198|d505ed70-b195-4f4b-b061-b437162d75a1
Annette|Berendsen|aberendsenng@opensource.org|31-5750518|d85337bb-e254-478e-bd1d-a53dce6151c5
Marketa|Shirer|mshirernh@nifty.com|51-7286730|3acf0706-baa4-48f8-b450-dd3adb8e5f22
Holden|Ness|hnessni@goo.ne.jp|26-0575939|cfd65197-62bb-4599-b8d3-ac8f28cebafe
Codie|Edds|ceddsnj@aol.com|46-3716792|e4072217-61c1-4b3b-809b-6c4535ea33e4
Salome|Aireton|sairetonnk@wired.com|42-5157280|7bd008b1-261d-4560-8339-9d6756815b08
Antons|Awmack|aawmacknl@apache.org|87-6645612|bd0fda51-af1b-4c04-b518-35d4e24001a9
Josh|Deakan|jdeakannm@hostgator.com|97-4355595|a8ee0429-c207-4331-9b95-35cec2e65a31
Effie|Hitcham|ehitchamnn@wufoo.com|34-1975695|f6a67682-2a1b-4899-b500-7c6beafde419
Coleen|Pipping|cpippingno@samsung.com|90-6042404|4eda262a-e6ba-432c-9814-a1dd6dc53fb4
Eada|Penkman|epenkmannp@princeton.edu|97-0129652|a9270d68-3ce2-405e-b7c4-af7790c03d2e
Josefa|Mather|jmathernq@columbia.edu|33-4449606|52aac146-50e5-455d-806f-80f077abcd6d
Ashlee|Stillmann|astillmannnr@ca.gov|27-3498996|8f62f325-557f-46e8-8aee-909802f590c3
Logan|Cuddehy|lcuddehyns@gmpg.org|34-9130373|67ffde82-39f4-4e5e-af01-6cc531e21661
Simmonds|Seggie|sseggient@go.com|72-0917663|61053eeb-396b-4071-bbc9-cc3d6c899886
Bax|Stourton|bstourtonnu@paypal.com|68-4206197|9bd7fc38-1b6d-472f-a2b5-7705a9277be0
Chickie|Surfleet|csurfleetnv@gnu.org|37-6182602|764d0388-8eab-446d-8ce5-d8f03c3acae2
Goldy|Seiler|gseilernw@paginegialle.it|14-1031113|9093e0e1-cc9c-487e-860f-76f985f144e5
Theodosia|Daton|tdatonnx@so-net.ne.jp|64-0076143|2ebb29b0-0c9b-41ff-b920-fbcd2a1bc07a
Rock|Sheirlaw|rsheirlawny@sohu.com|76-6147221|b124f42c-5e28-410b-82cf-d139d2120c64
Wilt|McCarlich|wmccarlichnz@over-blog.com|71-0439855|c7cd5f22-5f62-438a-924a-28547518008d
Helen|Ferenczi|hferenczio0@de.vu|25-0963590|33c0ebfe-e174-4d24-8097-8245662cf292
Bernetta|Gilpillan|bgilpillano1@sourceforge.net|52-4485494|4fde041f-9c2e-442b-8665-bd7d7b833b97
Consuelo|Emblem|cemblemo2@myspace.com|39-3349913|a5d28c05-9293-463f-8297-e63ccfa7edb8
Rodger|Jacobsen|rjacobseno3@bloglovin.com|57-2888179|7f54b25b-c335-435e-8b04-6496437f0160
Lilli|Bleier|lbleiero4@tinyurl.com|30-9089827|a9ee9f41-a55f-4db6-aeb5-11321244aa25
Phil|MacFarland|pmacfarlando5@reuters.com|30-8684790|2cf45a79-d892-4684-896a-11bdcfc65ac2
Caitrin|Kilbey|ckilbeyo6@nymag.com|74-8756477|5975977d-248b-4390-919b-e6ee2bde0f77
Austen|Beynke|abeynkeo7@reuters.com|79-0887520|913ede8a-2abc-4b8e-8638-22ecaae3e9b0
Neilla|Ashtonhurst|nashtonhursto8@boston.com|23-7635236|59f5bdd0-283a-4921-b529-0fd959cd348d
Del|Lillecrop|dlillecropo9@google.fr|03-7103433|50cb1cee-c738-444e-b817-894e8a77bd7a
Rayner|Perryman|rperrymanoa@europa.eu|11-3777547|6a8e8c9f-9cd1-4b0d-b4fb-e44ca4166f53
Markus|McAdam|mmcadamob@moonfruit.com|07-6783969|09362923-f92f-426e-b5a0-25cf0d334676
Bruno|Barrott|bbarrottoc@rambler.ru|24-2120054|8718502b-23d8-49ca-ab0f-8b91a344c8dc
Anatollo|Beadles|abeadlesod@reuters.com|52-1058225|dd8d64d2-ada9-47ee-9e4e-fe47ec0b6d13
Lia|Grishenkov|lgrishenkovoe@arizona.edu|80-6207724|d35765b6-7f97-4a12-a3f1-6ae4e1b9eaba
Prudi|Willmot|pwillmotof@canalblog.com|33-0919512|5d3c5ba0-163d-4431-92a4-41d8942f874c
Jocelyne|Hazel|jhazelog@people.com.cn|01-9055869|53535ab0-990b-4bec-8f66-eb283c9c15ed
Jamill|Shaxby|jshaxbyoh@tinypic.com|36-2912276|92f4d167-2c9e-45c3-9c2b-563f1e2a63a1
Vita|Baythrop|vbaythropoi@usnews.com|30-8954326|92f534c8-45fa-4671-9939-43ad02902112
Nata|Kirke|nkirkeoj@si.edu|58-2110206|5dfe6c07-88ab-468e-8bb8-0174ed8ca69f
Kristoforo|April|kaprilok@usnews.com|16-7099076|45f747f5-dce5-4742-befe-8a2651a5e84c
Teodorico|Fallens|tfallensol@cisco.com|49-8258413|42cef0e3-9f47-4f76-905e-c0c3840cab20
Madge|Henzer|mhenzerom@google.nl|85-6512918|6d1a0566-c251-4f51-9b69-608a6b978430
Cecilius|Minguet|cmingueton@answers.com|86-6616634|521818ca-9a94-4491-8153-b48fc2d09d92
Reamonn|Walshaw|rwalshawoo@1und1.de|26-5507704|6e201e35-9a53-44ce-9bf8-60da2e16a5c3
Tate|Ferrer|tferrerop@oakley.com|02-5854671|41c4685c-dbd2-43a8-af16-a57efd230ade
Katuscha|Sallan|ksallanoq@google.ca|30-7733487|24e59d89-c8a9-4b99-9978-89fa5f0afe29
Phedra|Crowley|pcrowleyor@feedburner.com|40-4192683|93f595fd-477b-4ec4-be37-b1f1f2a746de
Jillayne|Grieveson|jgrievesonos@example.com|51-0512288|84f21fb0-fb84-4e42-bc49-9ff4ec352d73
Ammamaria|Batchley|abatchleyot@infoseek.co.jp|51-3074499|aed1b75d-e73c-412f-b1bb-4ea388a0d21d
Dedra|Krauss|dkraussou@dropbox.com|02-3749362|16bf432d-dd44-4c06-99bf-6a53bfb6c114
Karee|Frill|kfrillov@redcross.org|73-5941719|bf00a4f6-2b74-4095-a9fa-e2896796ae8f
Charline|Eversley|ceversleyow@angelfire.com|08-3000656|242f5ec9-d630-4400-838a-6964debbfd38
Roxie|Spaldin|rspaldinox@guardian.co.uk|07-9244660|87eb9de5-e720-4f9b-acde-272f7c23bed7
Rozella|Karys|rkarysoy@wikia.com|73-3316196|61d5151e-9f5e-4c3c-b6f7-fa66cefcf2d0
Susanne|Kelner|skelneroz@cnet.com|72-1248491|26ac6fc0-dccc-4e95-9d8b-0ef9c1a9a751
Malissia|Hacun|mhacunp0@yolasite.com|66-0594646|4f0cfb0c-4bc7-4607-ac18-878ab02b7c8c
Mathe|Trengrouse|mtrengrousep1@disqus.com|63-0644638|e76a105a-bb8f-45d6-9d2c-50ffa1d94444
Hanson|Matejka|hmatejkap2@hatena.ne.jp|33-5568802|41dd6a98-9c45-4a21-a6d3-263a7f3f35ab
Clo|Needs|cneedsp3@exblog.jp|77-7598158|0c2dd10c-3764-414a-a23d-94d71bd3f037
Lauraine|Sitwell|lsitwellp4@imdb.com|03-4150173|f4e30ca9-92a7-4e3e-aeec-f1a458f11335
Bud|Mathews|bmathewsp5@psu.edu|01-2812767|1b146f63-cffc-4411-9d9a-82e0a5a34452
Sianna|Scroyton|sscroytonp6@discovery.com|15-2051433|87d6d1ba-ec15-46c4-9a90-406456cec51f
Rebekah|Tomadoni|rtomadonip7@jalbum.net|21-6542655|5d925ddc-09cf-4684-ac7b-cac973b2400d
Hugh|Whicher|hwhicherp8@freewebs.com|45-8328323|d29cbb84-183e-43b2-a98f-581a68818cef
Abdel|Propper|apropperp9@dedecms.com|67-3754730|6f8525b6-c502-465c-933a-b101fa1de64b
Consuela|Tapsell|ctapsellpa@ustream.tv|68-7014376|81ebf144-e6a1-4299-92a9-64e3a0a4e70b
Celene|Loudyan|cloudyanpb@tinyurl.com|75-4204447|47822f5c-d927-44bb-8c14-1d92b3af4d32
Arney|Schirak|aschirakpc@tinypic.com|51-1720547|f3ed0b2e-530a-4c80-9386-0c5fbbeea915
Jada|Crinidge|jcrinidgepd@smugmug.com|63-5210137|1f364ec6-bcd8-4bfb-ba25-3a67f7323d19
Carline|Collis|ccollispe@themeforest.net|13-7013976|01c7c942-fcb5-4978-81ad-b25c54c0aa53
Allissa|Montez|amontezpf@omniture.com|77-4032116|c0323691-8d2d-4002-96dc-6b39f6a1a2e0
Andres|Chevolleau|achevolleaupg@netscape.com|04-6037815|d1e6efa5-546c-4ec2-90e6-23db4354a909
Katha|Martinon|kmartinonph@msu.edu|23-3334019|7b9ca5d8-8701-4889-b67d-cbade15c2e25
Kira|Franck|kfranckpi@typepad.com|56-1689039|febcd035-46ce-4854-b056-e5c231b3ab3b
Hazel|Dunstall|hdunstallpj@miibeian.gov.cn|35-7893770|3510f904-9df8-462c-a15d-8d6ff6d167e1
Paton|Abrahamoff|pabrahamoffpk@amazon.co.jp|39-2650890|13e8b412-1d6b-4d6b-ac97-2659dfcd4201
Karel|Wallhead|kwallheadpl@engadget.com|53-9091295|43cd48c6-34b7-4527-8eb9-98a9fd194876
Robinet|Slowley|rslowleypm@aol.com|07-5538063|c20c6fcf-967a-4245-ac66-e30fcf103ac3
Percival|Reina|preinapn@networkadvertising.org|13-5672579|87621609-13f1-4182-81c5-5ba49cb36306
Marcy|Thornbarrow|mthornbarrowpo@seesaa.net|25-5589262|cc613120-258a-4447-a52f-8061fce6e1e0
Rhody|Horsell|rhorsellpp@japanpost.jp|83-9600043|7bff6411-2fba-4d5b-83d2-a732e33a3169
Gustavo|Navan|gnavanpq@reuters.com|41-4776190|680b1e64-7e46-49d4-ab35-4d4e093a8650
Polly|Wisden|pwisdenpr@google.it|63-3235678|440e6e7e-2dd4-4a95-8937-e4034128811f
Alexis|Dreinan|adreinanps@github.com|72-5023875|e822042f-82ce-43f4-8909-3ee0b11d2a5d
Bat|Gitthouse|bgitthousept@oaic.gov.au|02-5278233|4de8bb08-7167-4912-8ac8-15c746228261
Arv|Mowday|amowdaypu@statcounter.com|13-1936323|5261fa5a-e01f-4dcf-97db-a42878600e46
Maurise|Gisbey|mgisbeypv@usatoday.com|49-0639804|612b3525-c6c6-45d7-8d16-7d8de449633f
Dacey|Cicco|dciccopw@acquirethisname.com|19-5216139|5081c515-d587-4e79-9adb-493ba3db9354
Sauveur|Yukhnin|syukhninpx@boston.com|47-3189713|4ef27c75-1c3a-4877-9b18-26ffea98105e
Cindy|Sharple|csharplepy@gizmodo.com|27-7418319|7a227fa3-0fc1-4ccc-b884-89b3635bce4d
Sherm|Tantrum|stantrumpz@google.ru|55-5354896|e9121b92-9f2e-426b-bf11-c5df102d942d
Marci|Crackel|mcrackelq0@yandex.ru|70-7421663|1475f232-2a9d-49e5-bfd6-94b03a8431f6
Carroll|Seagrave|cseagraveq1@webeden.co.uk|94-8151516|06cc41ef-d9d1-48db-aa0f-fb2c8656706f
Baldwin|Dodwell|bdodwellq2@wordpress.org|24-5022769|30381587-9a18-46a0-aa03-1abb46086067
Douglas|Sicha|dsichaq3@ucoz.ru|75-3782966|a3d4c4e4-747c-476f-9d77-2fcf1707ddd3
Paige|Breckin|pbreckinq4@hao123.com|48-7549686|8ab0564f-91ee-4ec9-8931-3415fb126e1b
Emma|Curado|ecuradoq5@ed.gov|99-5947954|07fa9841-1bc1-4537-9cd0-9f36eeba807b
Fania|Berridge|fberridgeq6@lulu.com|39-3092513|8b8c5a06-1052-4fd2-95b8-3c43ce1e4f8d
Mart|Valentin|mvalentinq7@yelp.com|01-7504167|93f4809c-a79b-4022-ae9d-c52909509f4e
Aridatha|Jenicek|ajenicekq8@wikia.com|10-2011645|049b8b71-f42d-4504-8f98-6fd4342f284f
Ariadne|Dorcey|adorceyq9@narod.ru|87-9147267|6e78edc4-e307-4633-8ede-14f92d4719e8
Aaren|Glackin|aglackinqa@t.co|37-0617553|f74ae8fb-5392-4534-be9a-6863b95c066c
Ange|Woodthorpe|awoodthorpeqb@cisco.com|99-5921306|b3db039a-f6e3-44f8-a710-a3ad5a158c2c
Martica|Gylle|mgylleqc@sun.com|04-9513349|6b974c30-2a2f-4a07-a002-0ed2cdf77d65
Vincents|Lippitt|vlippittqd@google.fr|29-5668796|09a06a6f-8ac9-4e1b-a7b8-035b1b7b8e31
Wash|Brownstein|wbrownsteinqe@usatoday.com|90-9915069|75f7aa93-02f0-4388-a10c-f1c2b2f8ee03
Shannon|Jacobson|sjacobsonqf@whitehouse.gov|87-1280463|1da93ff1-e57e-43de-a2d6-abcc8244900d
Natala|Stucksbury|nstucksburyqg@answers.com|43-9076518|f417ee93-e909-46f2-a4d8-ae22991fba0c
Orland|Beneyto|obeneytoqh@ebay.com|79-8268270|20a90a6a-e528-4f47-8977-d6b6d7cbd211
Fanya|Oldcroft|foldcroftqi@gravatar.com|13-4766939|10af899b-8b36-4d6a-ac48-199a6cdccba4
Kerrin|Moan|kmoanqj@google.ru|53-4868370|3f5f0d1d-fd7a-46e7-9438-3c1cb7fe68c5
Marta|Badgers|mbadgersqk@cbslocal.com|79-1514152|c1eeaa0e-eba5-4380-83c0-d2dd8635752e
Raquel|Bedham|rbedhamql@wp.com|66-9055869|53b9eb1c-091f-4695-83bc-4362fea371c4
Dael|Bertouloume|dbertouloumeqm@ustream.tv|63-6349535|89335908-63b4-4e69-b94c-5e18677f7615
Kalil|Wilman|kwilmanqn@tamu.edu|82-3373748|5a02d6d7-bcdc-4b7a-bf0b-fc30295cfa56
Maressa|Meletti|mmelettiqo@hibu.com|83-6414990|f2951ff9-67a9-4611-819c-04286b72e5dc
Elnore|Taft|etaftqp@google.co.uk|41-6640552|6a73ec00-d44c-41fb-b6e4-1190641450ac
Irena|Mullan|imullanqq@chicagotribune.com|17-1932146|35d50531-1493-44e1-8774-7b0fecf02d21
Floris|Rigg|friggqr@theguardian.com|03-5384814|f98461ce-28d8-4732-9fb2-ffba31ce2a78
Bud|Glowacki|bglowackiqs@house.gov|60-5534097|4d6dba18-5e40-40af-80ff-e9d305398125
Reynolds|Kneesha|rkneeshaqt@prlog.org|23-2551567|a828a45f-af21-45e1-bc29-ff2660a8a44d
Archy|Cawson|acawsonqu@go.com|69-1302319|e1574c38-d565-4e56-b5ca-a75cbfc019be
Tabbitha|Wharin|twharinqv@storify.com|26-9697239|8cb39322-fa03-4a5a-ab43-a98301247798
Lilly|Bools|lboolsqw@cbc.ca|78-7267182|2e7f93b0-7263-4f4a-8bd7-83e99d62dbf5
Melisse|Gallegos|mgallegosqx@nhs.uk|48-8625590|5cd8fb83-76e4-42f4-b70b-0289c94d1ec3
Modestine|Dives|mdivesqy@upenn.edu|75-2392415|8cb9f2b0-5438-4e10-8cd6-24e2f0e7eb33
Cordy|Longbottom|clongbottomqz@theatlantic.com|48-4289318|e97322b3-de75-4e12-813b-b23908076fe9
Darrel|Fordyce|dfordycer0@spotify.com|48-5663703|db026ca4-8963-4fe2-a751-251ba3e1ce01
Cary|Chapling|cchaplingr1@cloudflare.com|18-4286640|111a8a8b-28d0-4d73-868c-726241561afa
Julissa|Macenzy|jmacenzyr2@time.com|06-3064991|be7440b3-45d4-4351-b16f-5ad9dc7d9d54
Zed|Brunsden|zbrunsdenr3@dyndns.org|33-4601427|3a4b4422-9bc6-46b3-8ba9-06268c18d336
Barney|Theodoris|btheodorisr4@moonfruit.com|93-4227296|6f6b72a4-4b4d-46fc-8583-93f73da86322
Minetta|Denisot|mdenisotr5@psu.edu|08-6428723|b8e83678-ebc2-4c9d-b9f4-e476322c2832
Orton|Beckhurst|obeckhurstr6@ibm.com|32-5967085|816f1186-cc8d-4135-a385-30708d78a87f
Ezri|Stert|estertr7@ameblo.jp|35-4771858|a8f3cea5-18d3-4c7f-ab59-134ff0e77304
Weber|Camsey|wcamseyr8@unicef.org|70-1131318|f5f7e99d-9b91-4716-a85f-72d303a24028
Helge|Leddy|hleddyr9@merriam-webster.com|32-0684791|62b93d61-d29b-46d2-9d50-4088878987b6
Malory|Boodle|mboodlera@imdb.com|15-2348235|b900eeed-0585-461a-8220-a73d3157c0dd
Kissie|Splain|ksplainrb@bravesites.com|05-3750091|3ff5ed33-7052-404c-8ef0-8028d9eecc6f
Webster|McTurk|wmcturkrc@auda.org.au|16-4029295|c5f4e993-4f12-4c67-b87a-806671b731a7
Claudetta|Dachs|cdachsrd@ask.com|78-7641338|5d12efe7-8d2e-4739-b8cb-707e4ec19a5d
Andie|Edgson|aedgsonre@ed.gov|26-4055045|ca1d60c0-d7cf-4a94-8e94-2c7aad0743dc
Clemens|Dinwoodie|cdinwoodierf@furl.net|32-1519353|5f64a7cb-5e8a-4819-b1b1-f685e114df0b
Phyllis|Yakobowitz|pyakobowitzrg@comcast.net|77-8202507|30c42823-aa78-420f-8194-62f9902ce8ea
Lyssa|Hevey|lheveyrh@columbia.edu|22-3809851|80599c65-8357-4cf8-b9b5-59380dbcce24
Aurie|Youhill|ayouhillri@domainmarket.com|34-6252754|a9304230-046c-49b8-8da4-69b171b2c050
Shepperd|Jouanot|sjouanotrj@ft.com|35-4329818|78cfa784-6b76-4aca-90df-bb05ee95f732
Joice|Ife|jiferk@oakley.com|16-2552401|65355e28-733c-4e08-bbe2-71452b0ebb8f
Verene|Slark|vslarkrl@loc.gov|51-1931250|90c3acb4-6513-4b99-ab92-6c4771b6c7e0
Alexa|Cromleholme|acromleholmerm@noaa.gov|23-3621539|3fa73eb6-049a-4770-a11b-deff701c036d
Baxter|Padly|bpadlyrn@wired.com|14-7026586|184103ab-ceb7-4287-bf1f-9e93e384e06a
Kelsy|Cathrae|kcathraero@archive.org|53-8655339|fb06ea67-db8b-41b6-99bb-f23348186dc2
Shelton|Graffin|sgraffinrp@webnode.com|83-6842371|553b2651-3eb7-4c2a-8384-df008fb4ac69
Giffard|Daouse|gdaouserq@cloudflare.com|09-9316704|e682d015-71ee-4e72-8839-ad86975b05c1
Penny|Mapother|pmapotherrr@about.com|36-5129987|95474260-0f25-4103-b5f8-63112cca3b26
