1-City1|Dael|Tye|dtye0@theglobeandmail.com|253-28-2406|e1a30f62-00be-4445-84b1-4c2c4d222792
2-City2|Mella|Horder|mhorder1@4shared.com|338-57-8068|9ab34f4c-2d0f-4bbf-902c-21d71374d0d2
2-City2|Parnell|Foxton|pfoxton2@angelfire.com|427-79-0995|44b8928b-54ba-4de1-aac0-5fcbdbf15622
2-City2|Sybila|Treharne|streharne3@youku.com|886-27-8083|26144cde-ef52-4c86-9564-b142ba4a50ee
1-City1|Winn|Bosher|wbosher4@ted.com|129-07-0080|7c06b4f1-c09c-4439-adc3-11373d4551d8
2-City2|Hali|Tassell|htassell5@who.int|419-13-8173|460cb09b-fb9a-4375-9333-367e81b6db04
2-City2|Alejandra|Glencross|aglencross6@simplemachines.org|824-78-6792|92f412d4-e429-441b-99ca-9638a163f247
2-City2|Arabella|Eisak|aeisak7@example.com|738-43-5672|7da4ff33-704e-4692-bf5f-cb30341d2f40
1-City1|Inger|Fairbridge|ifairbridge8@google.cn|369-01-0377|38bb2182-6abb-46b8-aef2-544257401f3a
1-City1|Harwell|McGeady|hmcgeady9@nba.com|450-87-2274|df2fb807-abe0-452b-a4f9-809c26e5f7a1
2-City2|Helyn|Getsham|hgetshama@telegraph.co.uk|564-94-3892|7687d920-b554-40eb-91bd-276c6f6d1d4f
1-City1|Roarke|Muffitt|rmuffittb@smugmug.com|364-28-4248|692fe902-8273-4757-8323-c0065a570975
2-City2|Marna|Karlolak|mkarlolakc@smugmug.com|561-81-7656|b6db5cf1-eadb-44bb-a2b0-bd1a941977ce
2-City2|Murray|Bonnaire|mbonnaired@weebly.com|897-54-9749|c5331b8c-b16a-4f5f-83e2-2ea5fe749fc5
2-City2|Feodor|Scrowson|fscrowsone@instagram.com|787-92-1560|22d4520e-3bee-44bd-88f4-55fe1e658eb7
1-City1|Gennie|Vasyaev|gvasyaevf@washingtonpost.com|658-51-5258|28517ff7-a6e5-468b-ada2-8c2301a97b88
2-City2|Curtice|Paulot|cpaulotg@examiner.com|336-21-1578|883ed263-9b59-431f-87bd-62a3e08a249f
2-City2|Shanan|Dufour|sdufourh@ustream.tv|124-45-1608|cf4a1e8f-beaf-4573-bd71-42ac6a453226
1-City1|Bill|Bonnesen|bbonneseni@slideshare.net|885-99-9981|de22f00c-bedc-43f5-9c50-2540d61a608d
2-City2|Ly|Draye|ldrayej@ebay.co.uk|702-01-8914|eb6227b8-c895-4583-b01a-6a1e5132830d
1-City1|Chrissie|Hayne|chaynek@newyorker.com|827-29-4125|b9b9aba3-33e0-4ea7-9cd5-1519ce09603a
1-City1|Meggi|Lapslie|mlapsliel@bravesites.com|719-96-1771|74bdf0ff-8573-4774-b38a-37f726499617
1-City1|Gale|Haseley|ghaseleym@oaic.gov.au|293-32-5996|0b3a71d5-cb09-4b7a-8eda-daf1f0e727cd
1-City1|Donnie|Cadell|dcadelln@ibm.com|709-31-9447|36c3db40-cf05-48dd-9b14-0fe50abbd3c6
1-City1|Leopold|Rable|lrableo@japanpost.jp|717-70-9205|bc500c97-338e-4d8b-a23a-a3e0b5fb4133
2-City2|Virginie|Burtonshaw|vburtonshawp@sfgate.com|694-20-3389|e0f02bce-5b2b-4c8d-aad7-25938b226bea
1-City1|Joana|Viscovi|jviscoviq@gov.uk|592-49-9826|93f31d6f-280e-46a9-ab07-1eb995009e25
2-City2|Wendy|Ceeley|wceeleyr@epa.gov|834-26-6508|b038f8c6-ae62-496d-ab8b-1571d7541b81
1-City1|Raff|Sketh|rskeths@mapquest.com|186-70-1636|706ab15d-f5bf-49f9-8dd0-4118020e282b
2-City2|Darbie|Fripps|dfrippst@vimeo.com|200-34-0788|b7464dd2-b9d4-4e5e-8d4c-5a5e0308dfaf
1-City1|Lorenza|Pierse|lpierseu@squarespace.com|653-09-2986|dea6132e-a89a-446f-85cd-1b1071782aa5
2-City2|Karlan|Hammon|khammonv@storify.com|202-14-4503|663857d4-22a2-4f52-b0da-890c18bdf31f
2-City2|Jaye|Ambrogioni|jambrogioniw@chicagotribune.com|686-47-0828|5aeddb8a-bb26-466b-93fd-0a5eb87ad89b
2-City2|Aldin|Guttridge|aguttridgex@admin.ch|368-47-8911|53b4fbcd-8cec-4009-bdc1-551e10eac3b5
1-City1|Rosalie|Cocking|rcockingy@creativecommons.org|280-12-1007|ac28dd8c-7da7-4d13-bfed-3f0c4d1d7818
2-City2|Clemmy|McLugaish|cmclugaishz@go.com|513-59-5450|d534998d-947e-4322-81ae-6e27a6f6e087
2-City2|Nicky|Hows|nhows10@skype.com|657-51-0310|693da6e7-ac68-4f37-9750-a099611ee39d
2-City2|Georgianna|Joire|gjoire11@mashable.com|879-25-0587|1bfa8512-0373-437a-b61b-6c8cd7e3073b
2-City2|Cloris|Halt|chalt12@deliciousdays.com|864-72-7053|4cc15a96-b624-4b0c-9020-6e23737a78db
1-City1|Pace|Blemen|pblemen13@google.fr|533-03-3138|71089209-35a0-4a11-9f04-ebdf07329c76
2-City2|Kathleen|Jerromes|kjerromes14@adobe.com|191-86-9543|eff82d22-d55a-47ea-a902-f7cb92f74c27
1-City1|Jasen|Kinge|jkinge15@360.cn|859-27-5224|247033c9-db50-46f9-96d0-c30e6a8d267d
1-City1|Thorndike|Caser|tcaser16@cbc.ca|613-26-2035|c55ddfc6-3336-4f89-bca8-7716f9b6038d
2-City2|Kalila|Rozenbaum|krozenbaum17@umn.edu|647-27-8135|c30afc9f-b1d6-4b72-9c78-ddca50695b5e
2-City2|Felipa|Stirton|fstirton18@wikipedia.org|444-65-6543|4055712d-075c-40c3-89fa-b572780776bb
1-City1|Rahal|Popworth|rpopworth19@liveinternet.ru|715-26-4564|74f0ff61-d801-4ff5-a5e5-c0be421b0964
2-City2|Ruggiero|Crawley|rcrawley1a@biglobe.ne.jp|506-22-9592|ae06b637-535d-4f78-b6fb-2c36a04f5fd0
1-City1|Rochell|Lemmanbie|rlemmanbie1b@canalblog.com|360-67-8409|67e0e44c-801e-42ea-90b0-3a0b09a4fbf7
2-City2|Bink|Costi|bcosti1c@livejournal.com|214-48-0500|080e4192-3a47-4529-a7d1-25b72dd899e0
1-City1|Barclay|Dunnett|bdunnett1d@dagondesign.com|213-42-1959|6f06c1af-8a56-4c11-ab07-92748f479c79
2-City2|Nelly|Pretti|npretti1e@guardian.co.uk|782-88-9068|a6a3875d-00ee-4fe6-a4a5-e25f480ef80b
1-City1|Mill|McCallam|mmccallam1f@homestead.com|266-48-3306|25272165-fefb-4004-ad35-ce9ff777eb2c
2-City2|Joelynn|Luesley|jluesley1g@eventbrite.com|791-79-5747|4fafb5e3-8969-4718-b8c9-3d21f85a9683
1-City1|Spence|Hechlin|shechlin1h@mail.ru|859-52-6212|cc102940-2765-459f-afe5-c978985e53aa
2-City2|Ciel|Rarity|crarity1i@eventbrite.com|239-96-5232|26fa4266-a80a-4906-b1e7-653a03b81e8a
1-City1|Sibylle|Augustus|saugustus1j@dropbox.com|791-61-4525|61469b4e-7610-4a94-8e05-0122debc9519
2-City2|Bartel|Fallawe|bfallawe1k@flickr.com|427-58-4397|81ba72d7-9722-4d18-9dbf-b57c0933dee2
1-City1|Belicia|Manketell|bmanketell1l@comsenz.com|862-04-0075|4874a2c3-3b00-4c4e-9f1d-f9c8b51ec271
1-City1|Olenolin|Iorillo|oiorillo1m@ucoz.ru|181-66-9470|2250d7b6-d3ac-4dd0-8f0b-8d1bc83185da
2-City2|Emili|Legrand|elegrand1n@cargocollective.com|851-32-1697|5bc3d49d-2f69-4a13-9a25-a34e205ecf0b
2-City2|Alicea|Squires|asquires1o@squidoo.com|338-69-4358|7422d207-8d30-49b6-8969-2c01b9a0d90e
2-City2|Shaughn|Gladyer|sgladyer1p@cnbc.com|503-31-9878|da7a5bc4-7877-472b-8ebf-ba99227ffafd
2-City2|Antoinette|Coleborn|acoleborn1q@pen.io|784-93-5862|9f10982c-97d3-4101-a333-9997c9250b59
2-City2|Blake|Somerton|bsomerton1r@howstuffworks.com|265-13-3726|bd8d842a-5b97-4b09-b9d5-b648a91275df
1-City1|Griffin|Colby|gcolby1s@techcrunch.com|456-06-1594|22f19a72-1faa-4c47-b03c-51e8e6ea8a71
2-City2|Lock|Langtree|llangtree1t@wunderground.com|342-88-0227|5e91666c-044e-4703-81c6-5e81378c7d73
2-City2|Prudy|Sercombe|psercombe1u@pinterest.com|628-86-1246|defc4c32-a0f8-4148-b84b-4d3defeb8445
2-City2|Bard|Ciccotto|bciccotto1v@redcross.org|887-62-9909|93323818-d308-4fd6-b7e5-8bfb13945455
1-City1|Bambi|O'Fergus|bofergus1w@aol.com|756-42-7382|a322fd9b-2ffe-4c13-9f57-32ebdae2e1b6
1-City1|Burnaby|St. Queintain|bstqueintain1x@dailymotion.com|500-03-3061|c83c3ede-03fc-4a92-b45f-a372a0ce1c8e
2-City2|Rutger|McCaghan|rmccaghan1y@springer.com|714-65-0022|dfb02258-336d-4359-b267-e0a3ac2b8a0c
1-City1|William|Clue|wclue1z@webs.com|189-85-5568|b581a609-e408-4a0a-acde-a4a2198958cc
1-City1|Shae|Francello|sfrancello20@trellian.com|292-33-3294|d19cd664-65f8-409c-b55a-24a6c4f8581f
1-City1|Eloisa|Fairley|efairley21@php.net|530-94-3825|8d5a45ce-88c1-462e-86dc-9a4609fd8c3d
1-City1|Claribel|Drains|cdrains22@devhub.com|459-99-2953|2d81aa7a-e749-4a10-b104-4869a458383d
2-City2|Loren|Ludlem|lludlem23@economist.com|529-46-4946|fcca8fc8-f760-4d17-a9fb-282c13e65bd5
1-City1|Erin|Thebes|ethebes24@goo.gl|407-16-9487|5235c2e1-c19c-453a-bff4-c1e46954df2b
1-City1|Maure|Karppi|mkarppi25@nyu.edu|674-73-2384|dac22b9c-9d7f-43b0-960c-5bfbf583d412
2-City2|Abbie|Lavarack|alavarack26@jimdo.com|304-32-7099|b08ec8a1-3a2a-4d48-997d-2d9308007f75
1-City1|Nobe|Cleyburn|ncleyburn27@godaddy.com|815-95-7442|4a3d37f6-a7b9-4898-8141-511fad457bd8
2-City2|Simeon|Mundell|smundell28@google.com.au|447-53-4207|2291f23b-a711-4b7e-be3d-7a4463bc1282
2-City2|Foster|McShee|fmcshee29@vimeo.com|509-90-6260|845ff934-0607-4312-b27d-306d19af9b22
1-City1|Jarrod|Diamond|jdiamond2a@so-net.ne.jp|837-58-0031|f8ad6d29-30da-484f-994d-b1d439c067aa
2-City2|Adda|Loving|aloving2b@smh.com.au|378-12-6841|bfcbe00d-c61c-465d-8b01-5203efc0f321
1-City1|Felipa|Brayfield|fbrayfield2c@so-net.ne.jp|429-33-2472|29efcb2d-0559-4a53-b763-81d767307624
2-City2|Roderic|Applewhaite|rapplewhaite2d@lulu.com|225-87-3400|8696437c-864a-4f15-97c2-eb7c1acfbb24
2-City2|Kelly|O'Kennedy|kokennedy2e@pcworld.com|280-43-0368|efdfa68e-a6e6-4779-8354-b38890bcf51a
1-City1|Maridel|Aspole|maspole2f@artisteer.com|521-52-0784|18329a1a-cc78-4f3c-9098-a15afc97dca5
2-City2|Cherie|Philipsson|cphilipsson2g@mac.com|282-24-7052|ca66f5b3-2003-4c5a-812c-3549a6794b1b
1-City1|Jessie|MacBain|jmacbain2h@oracle.com|426-85-9170|7e0a99d7-3e2c-44df-91a8-cf83adc6de50
2-City2|Bertie|MacNeely|bmacneely2i@phoca.cz|259-50-5280|be93da27-da8e-4295-ac82-8dad26a70f98
1-City1|Amos|Tivers|ativers2j@mlb.com|447-16-7349|a9076ceb-718d-4a3a-9d48-236522710bb5
2-City2|Kaleb|Rodge|krodge2k@wordpress.org|327-37-4052|2bca69a1-05f8-4df7-b180-8e28667d8e0b
2-City2|Sunshine|Tuckett|stuckett2l@microsoft.com|388-96-4290|eed37d23-781d-406b-853a-595c62dbec72
2-City2|Moria|Stedman|mstedman2m@upenn.edu|447-24-4185|ca135c8e-25d5-4ee5-889d-d5ccd61e2b98
2-City2|Willetta|Melbourne|wmelbourne2n@photobucket.com|432-12-2913|d732814c-425f-4286-86b9-1ad9f792f372
2-City2|Larissa|Coote|lcoote2o@huffingtonpost.com|270-41-8345|bfac26f5-8f41-4dca-b268-2ef710e7a945
2-City2|Lacey|Audiss|laudiss2p@wikimedia.org|670-52-5415|c8693bbc-8f5e-48b7-988d-c3c01a2fc470
2-City2|Joshua|Seldon|jseldon2q@sourceforge.net|515-83-7022|32a2d48d-0428-4b5d-ad67-8472556c182f
2-City2|Vera|Filipiak|vfilipiak2r@fotki.com|404-45-5143|0f685ec7-631d-4f3a-a62e-5e2777e17d24
1-City1|Kellby|Willowby|kwillowby2s@alexa.com|500-86-3240|8929cb7f-d17b-4a3e-8fbd-7180a453ff16
2-City2|Zondra|Mingus|zmingus2t@weebly.com|194-91-3151|f7c0fef9-1da0-45de-b903-f26ff64ce092
2-City2|Tim|Leete|tleete2u@flavors.me|696-61-0093|1c451afb-4a87-470e-bb2b-a1e16120553f
1-City1|Mariette|Baser|mbaser2v@marketwatch.com|884-23-2102|a218bcb0-bc47-41ba-b480-d04fbb2b73d9
2-City2|Fania|Feige|ffeige2w@elegantthemes.com|492-56-4632|f8dd5182-535b-4019-8d7d-ec3f780c1efa
2-City2|Shirley|Masding|smasding2x@bandcamp.com|195-58-8786|88553e85-bf4e-4f41-a5c5-dc2b2f167645
2-City2|Petronille|Cadden|pcadden2y@fotki.com|342-53-3019|4dedccd4-0960-496f-bcbe-db510eea78da
1-City1|Mac|Payler|mpayler2z@issuu.com|126-81-1324|19f187f8-7878-4384-a9ea-ce4729311b84
1-City1|Merwyn|Gladdin|mgladdin30@linkedin.com|410-24-0514|72d7252d-5bf5-4a0e-80ca-04104c99570a
1-City1|Lilas|Chasle|lchasle31@macromedia.com|308-97-7953|e797d201-4435-4b0b-a257-67772ef6e1e2
2-City2|Leyla|Clashe|lclashe32@shop-pro.jp|725-11-2359|f9150363-d205-4a28-88b6-3853eddf5ba2
2-City2|Dallon|Moreing|dmoreing33@fotki.com|424-68-8120|0573f5ed-3b3a-4581-85f8-fd794efb69b3
2-City2|Forrest|Bromell|fbromell34@engadget.com|211-87-6536|273179f7-a0c5-4f1f-9ab5-8bdec56d90db
2-City2|Karyn|Burhouse|kburhouse35@canalblog.com|221-03-6417|f0ae07fc-7803-4425-83b2-8c725027c7e5
2-City2|Dael|Pegler|dpegler36@house.gov|830-07-4143|8a3d5970-559d-469a-978c-3af8e7805e50
2-City2|Carroll|Landes|clandes37@nationalgeographic.com|146-78-5736|3a6d2cf6-6668-48a4-9dde-04319fcd2732
1-City1|Mitchell|Casella|mcasella38@ovh.net|282-80-4097|da62306b-1118-4ae5-b118-2f2a60c980a3
1-City1|Rahal|Chasen|rchasen39@mediafire.com|251-84-0609|6a568178-5147-45e5-a57e-a800c0d068b0
2-City2|Sheila|Bozier|sbozier3a@nih.gov|299-79-7449|fc92e9e9-8c3e-434e-9c1d-6ec599c85733
2-City2|Nichol|Scrafton|nscrafton3b@homestead.com|801-91-3801|0293e22e-3879-41b4-93ee-1cb18cc82594
2-City2|Waldo|Croxall|wcroxall3c@adobe.com|887-09-0573|c6efa8ca-371e-447c-b2a0-e55be2402b72
1-City1|Ned|Murkin|nmurkin3d@topsy.com|339-99-0112|88d3b4c3-ef8c-4b50-bf1e-8caf202ed809
2-City2|Andee|Havill|ahavill3e@networkadvertising.org|839-04-0420|f0211053-fa71-46fa-a010-201ba5827122
1-City1|Ellen|Lohde|elohde3f@scientificamerican.com|872-47-6841|7b413a7e-0246-42e9-b2e1-c84e0c713f36
1-City1|Jenni|Fraulo|jfraulo3g@cam.ac.uk|548-93-6960|8d477831-fd53-4dff-aa25-56dea303e6e6
2-City2|Howey|Playhill|hplayhill3h@devhub.com|616-43-5062|708492ad-4542-4a4d-a4c6-f84f21b346c2
1-City1|Paten|Danielou|pdanielou3i@ox.ac.uk|393-84-6610|bbd0490a-fb69-4225-bc54-9713b8e1d5e8
2-City2|Sly|Havis|shavis3j@icio.us|603-52-6540|699ae8d5-42dd-4709-bc0e-f53abd30b81d
1-City1|Orelie|Riteley|oriteley3k@sogou.com|676-11-7746|0f72aa3c-0c9b-4e11-b93d-fe2620f98e90
1-City1|Audrie|Gundrey|agundrey3l@discovery.com|252-87-2404|1532be53-e428-41af-ba09-9b60115a0f52
2-City2|Tiena|Jaskiewicz|tjaskiewicz3m@wiley.com|568-75-9474|ec146d32-6e2d-4845-b38e-c022192ce290
1-City1|Sherie|Jays|sjays3n@cpanel.net|390-35-3712|db1b3b34-9f53-42ac-9ccc-4fdb451e7673
1-City1|Janey|Vokins|jvokins3o@tinypic.com|329-58-9520|32261ed1-23c3-41ba-9775-2ca85290bf23
2-City2|Everard|Byard|ebyard3p@exblog.jp|145-07-0464|89231075-17a9-4cc5-b61b-0fecc7d92cc0
1-City1|Brandie|Kluge|bkluge3q@ifeng.com|365-75-8293|afa9194f-7ca0-4587-a05c-565d2809bc3d
2-City2|Roddie|Sherebrook|rsherebrook3r@sun.com|152-81-8835|9d4e08d8-d7c8-44e9-b14b-34a8bdb2703c
1-City1|Bren|Fausset|bfausset3s@gizmodo.com|573-71-7876|d61b9217-c78f-4b6f-bf54-bc5dc3293686
2-City2|Catina|Farrell|cfarrell3t@ustream.tv|376-52-8052|6663c306-7b3a-4942-a3a7-af8ad3fbe056
1-City1|Carlo|Euston|ceuston3u@army.mil|781-62-9331|4b94b5f9-16bd-4675-b043-20b938f73c82
2-City2|Tirrell|Queen|tqueen3v@bing.com|166-24-2093|eb01d2f0-df1a-4aa6-9513-ec2563b47f4d
1-City1|Muffin|Buntine|mbuntine3w@latimes.com|435-47-6146|64adc8de-bc23-4040-9064-bae180f9fe15
2-City2|Carrie|Ring|cring3x@dmoz.org|333-60-4405|7005f187-efc3-41fc-84d0-390d658943ce
1-City1|Helaina|Shead|hshead3y@addthis.com|784-16-4435|ee541e6c-85a8-40fb-975e-81ba8326c318
2-City2|Kermy|Castagneto|kcastagneto3z@unc.edu|123-23-7146|49791907-b618-4a62-a87b-caa2846f29fc
2-City2|Mercy|Artharg|martharg40@google.co.uk|459-76-0437|bf100c0f-edcf-4a61-a363-9e4dbc6f9338
1-City1|Rory|Jakubowicz|rjakubowicz41@twitter.com|115-01-4309|621c1b8b-6106-43d2-90b3-31134d85f1b4
2-City2|Aigneis|Wreford|awreford42@irs.gov|324-77-2483|8f3f48ae-81ac-4f57-8343-70b4c40750a1
1-City1|Roxine|Perl|rperl43@kickstarter.com|246-57-8109|9319ddb3-1d7e-49ec-b8b6-3bef2366a655
1-City1|Flor|Ciccarello|fciccarello44@rakuten.co.jp|895-27-7183|fb160448-d43f-4209-b63e-cbb9a2507967
1-City1|Carlotta|McMenemy|cmcmenemy45@studiopress.com|103-97-5771|5a61861b-262d-4ed7-93e4-0ac38e907ce4
2-City2|Ashlie|Barrington|abarrington46@flavors.me|225-68-2812|172c5782-7126-42bb-8978-8701bd421189
2-City2|Lee|Graver|lgraver47@vistaprint.com|817-95-8554|6aca705d-2287-48ee-aa0b-c3da0ecbc121
1-City1|Brose|Shawyers|bshawyers48@google.de|592-96-4197|99b3010b-a0dc-4928-9d1b-70c9ebf808e1
2-City2|Nertie|Pitcaithly|npitcaithly49@gmpg.org|214-22-7932|d8ecb419-5a2e-48d9-9412-86f6e63c09e9
2-City2|Martha|Band|mband4a@typepad.com|549-45-3124|980f9584-7115-480f-981c-12a53c87af34
1-City1|Reggie|Link|rlink4b@yellowpages.com|794-55-1108|57239331-6ba0-4a9b-a5b3-594226baf082
1-City1|Bebe|Cokayne|bcokayne4c@google.com.au|576-61-3342|219d8876-f9cc-49e1-b8ac-e4cbcacc1025
2-City2|Ki|Redgate|kredgate4d@mashable.com|298-24-7283|98fbdc78-cc75-477a-aa40-86d705f65ce8
2-City2|Corbin|Dabney|cdabney4e@hc360.com|181-49-5130|e23d7a08-80c3-433d-9ca3-36a955bfe94b
2-City2|Oralie|Kybbye|okybbye4f@upenn.edu|656-94-1021|281c9198-acec-4d21-b635-8ed978c94852
2-City2|Catie|Kettlesting|ckettlesting4g@acquirethisname.com|590-34-2408|9c380564-d5cd-456c-88b2-c01653fb8a3b
2-City2|Donal|Clemetts|dclemetts4h@ft.com|213-29-9571|3f76c337-b370-4848-9127-3ce4ddbd921b
1-City1|Hyman|Harlett|hharlett4i@deviantart.com|540-91-7587|13a1cf72-7ca0-411a-8f93-462a8b8db565
1-City1|Creighton|Winsbury|cwinsbury4j@a8.net|480-48-4378|482897ab-37b8-4c60-a902-37da1ed7a388
2-City2|Ileane|Amiss|iamiss4k@google.fr|570-91-1119|056244e6-327f-424c-814a-1f4d633f546b
1-City1|Orland|Hardeman|ohardeman4l@princeton.edu|596-18-0392|bb7828e7-28fd-4175-b10b-edf8f3ada097
2-City2|Gleda|Armsby|garmsby4m@deviantart.com|182-46-0135|a230022d-a69a-4268-9acb-d4b0aec50a5a
1-City1|Carlos|Diable|cdiable4n@nih.gov|888-69-4046|1e322700-b2bf-452d-bbf3-8c655f2ce8db
1-City1|Lissie|Geeve|lgeeve4o@bloglines.com|300-67-6597|9db8ee44-dc8a-4637-af20-689543121985
2-City2|Horace|Heephy|hheephy4p@nps.gov|601-53-9462|e69cb093-b708-41ef-941e-f50b15502608
2-City2|Noble|Odo|nodo4q@youtu.be|787-61-3040|c6e9c9e1-0e88-4f12-a938-a8ecb4eec1e2
2-City2|Enrico|Mattiuzzi|emattiuzzi4r@fotki.com|702-11-1245|a21d939e-b97f-4ad1-b0cc-e241cf0610bb
1-City1|Robenia|L'Episcopio|rlepiscopio4s@usgs.gov|153-64-4921|9e9341bb-8bb6-43ae-8cef-63d38e9a121f
1-City1|Theresita|Sewall|tsewall4t@statcounter.com|613-15-9501|3fe02705-9cd5-43fd-84af-5017e49ecb49
1-City1|Binni|Paszek|bpaszek4u@reference.com|344-31-6617|cead359e-1214-441b-9654-19b6aa18efcd
2-City2|Neill|Playle|nplayle4v@bravesites.com|125-50-4595|d22e65d2-4652-44f4-8ffe-5d6b34626584
1-City1|Bjorn|Searchfield|bsearchfield4w@ihg.com|406-39-4251|f75fb082-c587-4891-8f48-1c6825eb9681
2-City2|Desiree|Works|dworks4x@reuters.com|194-64-2005|9b06f53c-777e-41b8-8dee-c98e10aea5b3
2-City2|Dennis|Leece|dleece4y@deliciousdays.com|895-92-4867|482fc404-e42d-48a8-96af-597a99070550
2-City2|Wilfrid|Mellonby|wmellonby4z@stanford.edu|291-40-8528|0cbe4ea3-9389-4b1c-885c-30325b04614f
2-City2|Melisenda|Harcus|mharcus50@so-net.ne.jp|876-32-8690|60eff59b-ee32-4159-8090-abe88c3b7a69
1-City1|Lanette|Brightie|lbrightie51@oakley.com|600-60-3558|e844a137-b15b-44c3-a7bc-40d0f3336f28
1-City1|Adriena|Iredale|airedale52@joomla.org|287-96-3387|cf8a3353-8b5e-465d-a70e-07ad53937fe5
1-City1|Joelynn|Valentin|jvalentin53@ihg.com|811-01-5664|3b0c368e-4767-45d1-bfdf-8a24c0991742
1-City1|Blanca|Pearmain|bpearmain54@so-net.ne.jp|876-26-7059|32571e61-f111-49ca-af06-37e1f16115c9
2-City2|Rebbecca|Denniss|rdenniss55@nps.gov|263-20-9598|29b4a04f-07ac-44d1-a903-f00aadd5cf44
1-City1|Corenda|Banbrigge|cbanbrigge56@businessweek.com|259-49-1727|a8921dd0-4cf0-4a26-b6ae-2b3bc93ad636
2-City2|Brendan|Gustus|bgustus57@bigcartel.com|453-15-8357|efec5efe-5b16-45d8-96b3-8b8b4f07d61e
2-City2|Lucho|Telfer|ltelfer58@paginegialle.it|142-57-4459|9f494033-b241-4565-8c6f-4ef37a274419
1-City1|Dukie|Queripel|dqueripel59@msn.com|235-14-1266|d1647e6b-5106-4d4c-8067-188045c4c4f2
1-City1|Carter|Tattershaw|ctattershaw5a@spotify.com|836-31-1238|7b5bcfe1-13a6-4747-b580-9bb7e52e4680
1-City1|Jaclin|Astlett|jastlett5b@buzzfeed.com|342-31-7907|2954d952-3b61-48af-a93f-0ebea1716fb4
2-City2|Micky|Crowcher|mcrowcher5c@java.com|168-80-1737|036c3117-c41e-44a3-b8b3-03a2bd4f13d1
1-City1|Fina|Ronnay|fronnay5d@cargocollective.com|137-86-0964|4ec567d5-cb0a-41fa-8258-e7550b32f456
1-City1|Cori|Lucus|clucus5e@cocolog-nifty.com|738-13-4564|955bab40-8c2a-4ffe-863b-577017464972
1-City1|Gunilla|Sinnock|gsinnock5f@qq.com|100-71-0726|5e9f4abb-ac45-4fb8-8a14-993b65d18e05
1-City1|Niki|Prantl|nprantl5g@state.tx.us|518-62-8705|69f83d66-e59b-4e7b-a0fe-6159b97bb3fb
2-City2|Parnell|Posnette|pposnette5h@gnu.org|167-14-9152|cdda6ac1-c05b-4ae3-9bfd-79dfef38a38d
2-City2|Romonda|Danforth|rdanforth5i@123-reg.co.uk|358-02-5478|05e16957-4489-4096-8977-4eeb918b94db
2-City2|Babs|Hodges|bhodges5j@oakley.com|580-72-9706|514fd95b-a38f-459d-bd7a-43a7a3e1f080
1-City1|Dieter|Gilpillan|dgilpillan5k@wisc.edu|374-16-3669|90aa6136-23e3-487e-a84e-9cd4c0db7eab
2-City2|Vlad|Johnes|vjohnes5l@soundcloud.com|478-89-2167|93bdfed8-b3e5-4ce4-a4b6-6395923bc459
2-City2|Karla|Tredget|ktredget5m@over-blog.com|149-69-2686|5fe99c33-1acc-47f6-b1c9-abaa7056a7d8
1-City1|Silvain|Barhams|sbarhams5n@gov.uk|886-32-7692|ed121a76-5510-4930-b795-5be7b5d23cea
1-City1|Constantina|Jachimczak|cjachimczak5o@canalblog.com|611-62-9804|05a79a03-e47e-49a7-b2d5-b7c4a61f3de4
1-City1|Guss|Chatters|gchatters5p@biblegateway.com|327-86-8175|4a3faffe-81c1-496b-94b7-080c662e48a8
2-City2|Krystyna|Kirkam|kkirkam5q@ifeng.com|748-23-7912|278037ae-f7da-454a-a6e8-c55e6da83ee9
2-City2|Nicko|Skade|nskade5r@weebly.com|603-23-8726|a256130d-3960-42d4-b3ca-0cf69387402e
1-City1|Cynthia|Godwyn|cgodwyn5s@weibo.com|417-61-5330|89193e40-defd-4f42-85f5-a41965a194d3
1-City1|Kirby|Aymer|kaymer5t@livejournal.com|153-59-4564|c8e3dd90-663e-4990-b913-62803add8bcf
2-City2|Anne|Gapper|agapper5u@cbsnews.com|211-20-3903|56e7568e-c106-4938-96e1-7ba899fc13b4
1-City1|Orran|Pury|opury5v@nifty.com|547-57-4107|0d6296fb-24e0-4216-b505-b8eb64f200ba
1-City1|Kristine|Ranns|kranns5w@latimes.com|109-87-8702|74c6e554-cca1-4c90-894b-b02560007055
2-City2|Nedda|Ledram|nledram5x@state.tx.us|479-88-8585|7f7c46df-a206-4fb6-bd79-6809dbd0cecd
1-City1|Rayner|Hassall|rhassall5y@bing.com|367-57-4109|e79e0d55-53ed-4ee5-822a-7ac98ad1abca
1-City1|Geralda|Wiltshaw|gwiltshaw5z@marketwatch.com|252-90-2246|1f14fa60-0b28-40fb-9282-176975e7c57d
1-City1|Zaneta|Lownes|zlownes60@bluehost.com|798-98-8166|4e6d379f-d693-4f8e-80af-674d3dab0734
1-City1|Valentin|Hadwick|vhadwick61@nytimes.com|200-69-3128|bb1fb07f-0ba2-4cc8-89e0-b4962e1fd7ac
1-City1|Branden|Drane|bdrane62@jiathis.com|333-04-4383|48a2b1c0-40aa-439e-805c-6689489f5ea2
2-City2|Tori|Giannazzi|tgiannazzi63@parallels.com|503-22-7068|a41b34d7-0b86-4578-8e0e-14fc0c5127e5
1-City1|Rosalie|Elgee|relgee64@163.com|889-26-0738|481867d7-6478-4d6e-9424-a7b06520231d
1-City1|Renae|Di Domenico|rdidomenico65@cbc.ca|177-69-7120|5c72990e-0ee0-4813-a9ff-f82afbb7ab09
2-City2|Ashton|Crosio|acrosio66@marriott.com|513-59-6065|13000831-87a6-4721-af04-fa6e26d38d84
1-City1|Averill|Averies|aaveries67@jimdo.com|792-63-1705|f2c16d37-4111-4bdc-a8bb-4958ff66cba3
2-City2|Nananne|Bartholomaus|nbartholomaus68@disqus.com|339-80-7697|864bd54c-8c2c-4136-9cbe-653e3683f6aa
2-City2|Stacee|Pareman|spareman69@eventbrite.com|182-42-9421|4382e2d6-f69b-45a7-923b-4ecbb1a8d21b
1-City1|Vittorio|Cicculini|vcicculini6a@ucsd.edu|606-40-4214|9202cbc3-dabc-4c6d-a166-7e730e2daac2
1-City1|Raimund|Wannop|rwannop6b@toplist.cz|303-19-1136|ad274e40-5778-4def-bd63-243a0ad30488
1-City1|Cale|Connor|cconnor6c@gravatar.com|393-93-1521|96f4104d-73c6-4917-b52e-f806a932bbaf
2-City2|Iorgos|Goldwater|igoldwater6d@elpais.com|260-80-7977|ee348139-1cac-4861-9970-ee70e277065b
2-City2|Brenna|Ciabatteri|bciabatteri6e@biblegateway.com|830-45-4309|7485c9fa-7e12-4c9b-834a-6455bec46b93
1-City1|Desmund|Collum|dcollum6f@illinois.edu|295-58-9689|c6001f2c-672c-4c87-8f21-9fd53478269a
2-City2|Herold|Harmstone|hharmstone6g@kickstarter.com|836-42-2513|3a5ba8fa-4e5f-4e99-a8d9-cca0b62e121d
1-City1|Rosabella|Kayes|rkayes6h@so-net.ne.jp|764-87-7420|1955ea15-1957-4d5d-90e0-bcfdcf364612
2-City2|Darbee|Drysdall|ddrysdall6i@soundcloud.com|899-40-3605|3d346379-afb6-4554-9001-1ce7f5882b5f
2-City2|Panchito|Matthews|pmatthews6j@example.com|172-09-2313|f2f52140-a37a-4483-8bb0-9525aff29211
1-City1|Dredi|Iddins|diddins6k@bravesites.com|548-63-8480|b6ecb256-5968-401f-8f5a-98a7e1b3ed9a
1-City1|Arabelle|Tzuker|atzuker6l@buzzfeed.com|267-45-8644|f99c1bf5-5197-4f3e-9d95-bfb9e4c39884
2-City2|Fanchon|Josephov|fjosephov6m@livejournal.com|116-38-4710|623220bb-09b7-48db-8084-3c08172a04cb
1-City1|Clarita|Wherrit|cwherrit6n@simplemachines.org|808-30-7620|a370258c-ac09-4b80-b929-579b4782e766
2-City2|Cordelie|Klimpke|cklimpke6o@theatlantic.com|310-94-8062|ce2954b3-4d1a-4130-90bf-3c06eab1bd25
1-City1|Johnathon|Woodnutt|jwoodnutt6p@gnu.org|570-77-6210|6ff31c1f-5f06-4d1d-8a91-24448d6b35b3
1-City1|Jillie|Griffey|jgriffey6q@hexun.com|618-37-4742|7f67d3f0-5273-4b26-8bc8-fcb030e9f1cd
1-City1|Ethelin|Amos|eamos6r@wunderground.com|876-67-0856|bc048296-e0e8-4740-a31c-a53c9c4055ac
1-City1|Sigismundo|Mellows|smellows6s@jiathis.com|456-79-0656|67c5c98e-bd9f-48c4-b436-035a1e9e9e93
1-City1|Dita|Napier|dnapier6t@simplemachines.org|842-90-3839|453fb38c-2f70-4358-90c2-c313ff02e929
2-City2|Micki|Devonport|mdevonport6u@lulu.com|702-72-0841|e0c69d97-9186-45cf-9875-04f1f4bbe4f2
2-City2|Garrott|Richards|grichards6v@mashable.com|298-97-4539|6f77da7a-e5c7-44f3-ac53-9e78c09746ba
2-City2|Eli|Dumphries|edumphries6w@google.nl|231-42-2592|986ed545-5954-4d73-a658-4994462deff7
2-City2|Armand|Charkham|acharkham6x@baidu.com|106-23-8179|78bc4dc1-4eb9-41c3-894b-29dd93cf6f93
2-City2|Brooks|Eouzan|beouzan6y@e-recht24.de|318-11-5181|7cd09d7c-f2e6-44a6-9883-6ad045425fa3
1-City1|Isacco|Benadette|ibenadette6z@auda.org.au|894-14-6144|32d96de2-05c5-478c-9cf3-ce3dd2a1ccc4
2-City2|Selia|Sibbit|ssibbit70@nsw.gov.au|685-83-5482|3c96e9e4-6b5f-4da8-8990-e13b761bd671
2-City2|Emmott|Wyett|ewyett71@upenn.edu|658-34-8153|a88987ae-0f03-4e77-9a27-9ef2197e5480
2-City2|Saunderson|Ireland|sireland72@mashable.com|240-97-0836|e2f93969-23c8-4b8f-8d1f-996e6cb40584
1-City1|Cathyleen|Hinks|chinks73@amazon.co.uk|343-40-9632|b5f62519-ab87-42a6-97a0-6b56cc5bf960
1-City1|Nikita|Schimon|nschimon74@google.com|796-21-6669|b94f4752-9409-4688-ac9f-bb82152610d3
2-City2|Anne-corinne|Dilland|adilland75@rediff.com|450-28-4740|d651d086-bc36-4295-acc2-fad9cd92fa76
2-City2|Liam|Bovingdon|lbovingdon76@biglobe.ne.jp|172-04-6836|d3b7beca-dda7-4cad-9fd4-d2ed08f0447d
1-City1|Brnaby|Moorwood|bmoorwood77@php.net|366-36-2790|ab27dee6-835f-4468-b7ca-2d8b9750efd0
2-City2|Grantham|Symcoxe|gsymcoxe78@uol.com.br|107-63-2643|6fb549cb-4858-4801-99e9-83ab7ec9c4b0
1-City1|Michaeline|Tonkes|mtonkes79@oakley.com|187-04-5504|97fb4396-8c93-4641-9bd9-09f241344591
2-City2|Dexter|Kinzel|dkinzel7a@myspace.com|534-54-5630|a7c0ddb7-8f1e-4b7e-95b5-e91d3ef0fd26
1-City1|Adriena|Lamey|alamey7b@redcross.org|719-05-9747|b0905fa1-6093-469d-ab10-e80c6de31952
1-City1|Tomas|Doghartie|tdoghartie7c@fotki.com|305-16-8955|db7fa1c2-9291-4cec-92a6-79b59c6bd3db
2-City2|Kirby|Goodram|kgoodram7d@cocolog-nifty.com|174-31-4993|cdf3ea67-b647-43cf-a029-74d06eed909c
1-City1|Claiborn|Patry|cpatry7e@geocities.jp|483-03-8036|50717dc3-8bf8-40fe-b9f1-6ce94f6d684c
1-City1|Reinhard|Volette|rvolette7f@engadget.com|748-10-6698|10fb940b-6d5b-43f6-b946-df0ce726dd9c
2-City2|Mag|Pinnick|mpinnick7g@w3.org|728-47-3180|e3fc608c-9911-4171-b1fa-39df5ce414c2
1-City1|Eddi|Ambrosch|eambrosch7h@mapquest.com|596-54-9405|6bda69b2-1ffe-41fe-9e14-db67a125b36d
1-City1|Jammal|Menichillo|jmenichillo7i@goo.ne.jp|784-45-4357|c57a11dd-387a-44ea-9fe6-9a7efc8e3be1
1-City1|Roth|Girkin|rgirkin7j@disqus.com|743-77-0971|bad4c6f3-8a1f-49bc-97ca-9ff0c1a71243
2-City2|Fielding|Piell|fpiell7k@ow.ly|791-74-3748|ba541b36-9d43-4172-a01c-c5504c2da255
2-City2|Ailis|Kenrick|akenrick7l@com.com|161-17-9303|65b5f9f5-8475-46f2-9d74-5217ed8321e4
2-City2|Udell|Witheford|uwitheford7m@earthlink.net|414-27-3997|95f67fb0-cc8d-4e9d-a57c-d0aec67d055b
1-City1|Tamera|Thackston|tthackston7n@foxnews.com|308-45-6778|5cc498fa-724f-486c-88d1-96e99a31d868
1-City1|Dita|Vernall|dvernall7o@godaddy.com|417-29-6861|a8a0c0bf-8133-4f48-8746-c1e6f6a94a27
2-City2|Ase|Kullmann|akullmann7p@shareasale.com|496-45-6775|2285e51f-d2f1-4e78-9af1-319f2b9281fe
1-City1|Gifford|Hawarden|ghawarden7q@google.ru|458-35-6765|138c8932-0383-4e3c-b209-e9b2e4884bb4
2-City2|Any|Bevan|abevan7r@newsvine.com|782-98-5614|b6ba58d9-9abf-42be-bd2b-c68f803f3429
1-City1|Alick|Dahlman|adahlman7s@behance.net|391-67-6407|ef94918c-e979-42f0-83d8-04929b22026f
2-City2|Shannah|Syphas|ssyphas7t@fastcompany.com|415-58-1860|006e697d-e699-4e67-ba66-cf1fdd771318
2-City2|Ivy|Dy|idy7u@furl.net|813-06-6509|0aab336c-cea8-4538-9b6f-8c7400fe03ca
2-City2|Benyamin|Rouf|brouf7v@over-blog.com|238-27-5347|90cf84f2-5440-4073-81f8-7dabe0fbe7df
2-City2|Sandor|Gonnelly|sgonnelly7w@myspace.com|323-27-9556|397ce691-1963-4ef5-994c-7109e14f0156
1-City1|Wiley|Horsfield|whorsfield7x@purevolume.com|774-41-4785|ff1c08bc-8c43-46f0-8610-051caf5da32b
2-City2|Dodie|Spalton|dspalton7y@vkontakte.ru|866-03-7440|88a08093-6091-488c-a4b5-46e54927b21e
1-City1|Honor|Draycott|hdraycott7z@cdc.gov|275-84-9622|148ea9ee-a022-4432-a782-f13223718149
1-City1|Seward|Foreman|sforeman80@addtoany.com|256-14-5796|b5c5ac80-bb8c-40ae-ac77-1e73c12efed0
2-City2|Aldric|Soppit|asoppit81@geocities.com|770-19-2775|9dea578f-7ad2-41b5-9a04-75e81aeff4e6
2-City2|Carolus|Troman|ctroman82@cnet.com|106-36-0812|998a930a-4d8d-4c41-a700-c704d6cb7923
1-City1|Jackqueline|Porch|jporch83@stanford.edu|352-95-4180|a923ba7c-431a-42cc-bc24-c2fcb931b500
2-City2|Paddy|Iacovo|piacovo84@pen.io|679-73-5523|d3182625-344b-4cc4-9bc1-e881324e8f38
2-City2|Price|Onele|ponele85@google.com.au|433-27-6074|91ce4786-570f-49eb-ab99-9dca7334b9aa
1-City1|Maria|Donoghue|mdonoghue86@merriam-webster.com|772-46-7260|9fb25c85-0ec8-4594-8da8-ad4229a30491
1-City1|Jone|De Morena|jdemorena87@dedecms.com|236-88-9996|6a0c86c3-62a2-4f02-be6c-8b8ee2962a25
2-City2|Nealson|Joslin|njoslin88@patch.com|242-39-8013|1ffd0720-dd50-4317-82cc-6e44e50fbd8b
1-City1|Scarlett|Bichener|sbichener89@so-net.ne.jp|188-02-1890|15980fd2-a23f-4ba3-8ec0-7fbd3d129341
2-City2|Ameline|Jakov|ajakov8a@berkeley.edu|388-48-3414|2d1fd103-5aef-47ad-9fdd-53aa0d55bef7
2-City2|Melisent|Rubin|mrubin8b@nationalgeographic.com|432-78-5993|eec69030-9193-442d-9d6e-828b9e8cb7fc
1-City1|Caspar|Aylmore|caylmore8c@epa.gov|652-24-3318|8c9af654-728a-459d-bb2f-eb40fac2404d
1-City1|Ealasaid|Smalridge|esmalridge8d@bloglines.com|879-67-7752|967c12c2-a4da-4b02-b7ed-6544d9d6860a
2-City2|Cammy|Darrington|cdarrington8e@nationalgeographic.com|836-68-6756|be85837b-7464-4758-a713-602213ad26e6
2-City2|Deb|Cornelleau|dcornelleau8f@whitehouse.gov|786-60-0954|704bdec0-5914-4727-a4ce-b6468f38b8ea
2-City2|Dollie|Bettanay|dbettanay8g@marriott.com|361-79-9806|59a439fa-3188-41c2-af2e-b0b791e7771b
2-City2|Alyse|Stollsteimer|astollsteimer8h@digg.com|643-89-6687|ea5a0148-5abe-454e-9bc0-1fd0e0be4134
1-City1|Deanna|Casburn|dcasburn8i@squarespace.com|551-40-8537|b5bb6d3b-788e-45c4-902e-478d9af9dca9
2-City2|Britt|Startin|bstartin8j@delicious.com|674-65-1308|ef37875c-b078-4872-bb40-d01dc7a235f8
2-City2|Cally|Tunnadine|ctunnadine8k@ezinearticles.com|848-29-9355|743a7c6d-83cd-49b8-bfdb-f0e0aa8ab48f
1-City1|Aubine|Biaggi|abiaggi8l@liveinternet.ru|826-37-0089|dd6398c6-5b95-4746-b05d-538149049253
1-City1|Ludvig|Robun|lrobun8m@360.cn|759-82-3898|c44bb8ee-6b53-4495-89ab-b34dcdd537fd
1-City1|Flint|Collomosse|fcollomosse8n@g.co|479-28-6300|9487e6b7-646d-441c-943a-6796d302c132
2-City2|Shellysheldon|Pasmore|spasmore8o@studiopress.com|395-25-7564|6d4d5a27-6425-40f7-a5b2-1988d1fb5b06
1-City1|Roscoe|McAdam|rmcadam8p@tmall.com|879-55-7001|e6de34c5-f534-4339-8d68-0c4e0c5de79a
2-City2|Noelle|Akam|nakam8q@360.cn|576-39-7216|60523d41-9ed6-444f-a428-b17818bfb928
2-City2|Ianthe|Elcoux|ielcoux8r@unblog.fr|514-49-6316|523bf391-1d2c-4f19-9370-ef1b2b11af91
2-City2|Dillie|Cowland|dcowland8s@go.com|143-52-0079|07d2b663-be61-4639-b6e8-7afcf14dfad6
2-City2|Shanta|Leggon|sleggon8t@cargocollective.com|528-12-6678|c4648dda-b81c-4e8a-a380-6e48777a4f02
1-City1|Pier|Duckett|pduckett8u@mac.com|120-15-1525|ac652700-6b08-4d8c-ad80-7d57dbe10a3f
1-City1|Ian|Pinney|ipinney8v@prweb.com|858-36-1584|69e4a21a-529a-4d00-9db9-a591c49cd11d
1-City1|Ariel|Brandham|abrandham8w@mysql.com|470-42-5456|05966e91-ace6-4786-a552-ad5117410714
1-City1|Aldin|Allright|aallright8x@360.cn|531-38-1943|f346a164-6740-491e-8143-47e258f97d21
1-City1|Quintus|Lorenzin|qlorenzin8y@loc.gov|355-53-7981|cc72af55-0267-4845-bf9b-890c13552a38
1-City1|Karrie|Moralis|kmoralis8z@youtube.com|596-51-3203|1d936896-5bd6-4543-9e36-25d7690ed8e3
1-City1|Mirabelle|Groombridge|mgroombridge90@last.fm|337-44-7229|67590ac1-3d26-4af5-a6dd-01d9a034f09e
1-City1|Christophorus|Brearty|cbrearty91@google.com|779-16-8469|b45e0a19-0c81-4019-929b-ee10d4439d28
2-City2|Othella|Webburn|owebburn92@discovery.com|744-72-0981|5d521332-8039-4fd3-b6ac-a432488612f9
1-City1|Lorri|Kintzel|lkintzel93@vkontakte.ru|248-55-6765|8fbe860b-184a-4c18-ad0f-beac61970520
1-City1|Nobe|Ellacott|nellacott94@ucsd.edu|457-64-5973|c3d7f1ac-ed0d-4d21-868a-68640f59f895
2-City2|Annissa|Dassindale|adassindale95@vk.com|631-31-6315|84301e48-1544-49fe-80ce-3c1fc09bb872
1-City1|Eachelle|Josephy|ejosephy96@buzzfeed.com|291-69-4923|c4142f75-7d86-46b8-bbdb-0704c3ce2d3e
2-City2|Justinian|Gillbanks|jgillbanks97@ox.ac.uk|391-76-9044|f073d0c4-dbc2-4a60-9eb5-cd59458f3e70
1-City1|Boigie|Fuidge|bfuidge98@w3.org|255-82-4222|f713115f-1321-4f1e-af8c-39f2f52243ee
1-City1|Ronny|Brindle|rbrindle99@prlog.org|733-59-8302|04f0be8c-f0d0-4b39-8295-091628b19283
2-City2|Hanny|MacTrusty|hmactrusty9a@nydailynews.com|485-70-2925|9dfa2747-6810-4513-bb9c-2e042c1f4de3
1-City1|Ida|Anlay|ianlay9b@dot.gov|694-03-1306|b6846681-c944-4288-9e3c-897715e1d418
1-City1|Benson|Ville|bville9c@prnewswire.com|673-94-6628|9fe90a81-b795-43d3-b483-3e954660825c
1-City1|Corella|Ruddom|cruddom9d@shutterfly.com|799-79-0892|da42802e-33b7-4bc3-a6c5-21e0cf20e151
1-City1|Mikaela|Kemm|mkemm9e@1688.com|232-57-3959|b1130855-2442-49a8-a141-23589549aff8
2-City2|Matthieu|Jacobsson|mjacobsson9f@creativecommons.org|358-33-1706|9355810c-dcdb-4804-9cc0-c97a16d675a0
1-City1|Fiann|Deesly|fdeesly9g@nydailynews.com|293-50-0613|3dd7c9f4-f083-4d0e-be00-7486b939464f
2-City2|Nona|Ciobutaro|nciobutaro9h@spiegel.de|817-76-1809|bd0337b7-f8ba-41a4-bc08-63904533dc1a
2-City2|Adolphus|Ewell|aewell9i@time.com|724-97-0236|13f4737d-acb8-4f34-8449-207edb88e948
1-City1|Flynn|Pernell|fpernell9j@sakura.ne.jp|183-93-0766|7fb52c0a-e58b-4ab6-8108-f4f65709d4df
1-City1|Rhett|Pearcehouse|rpearcehouse9k@nationalgeographic.com|232-62-9711|be2cd778-023b-4621-9a9c-0ed647f21823
2-City2|Valeria|Earley|vearley9l@phoca.cz|206-08-9480|f4852115-e7e8-475b-b6ce-f2fefb73b36e
1-City1|Nissa|Dominichelli|ndominichelli9m@google.nl|495-11-6623|53a0398a-39c8-48ae-80a5-2b79b24f13f3
2-City2|Dido|Ostick|dostick9n@purevolume.com|468-27-6524|d41bde77-14d3-4e30-a061-97fdadd085b9
2-City2|Madelaine|Tanzer|mtanzer9o@engadget.com|307-89-8894|35ea835d-b55a-4308-89c0-def189064e64
1-City1|Giorgio|Munns|gmunns9p@t-online.de|694-42-3371|4df6abc5-b37b-4651-ae7d-8189cea1742f
2-City2|Amabelle|Veljes|aveljes9q@buzzfeed.com|669-59-3872|9eb52691-a7e8-4e40-bb65-b3f869276134
1-City1|Michele|Dobson|mdobson9r@harvard.edu|722-78-2226|76197838-8594-4035-8e43-ec1f4cffa35f
1-City1|Pierrette|Grishinov|pgrishinov9s@goo.ne.jp|887-71-1036|02f8ea5f-8da3-48c3-9014-ad8c9d6ac787
2-City2|Kariotta|Bartunek|kbartunek9t@tripadvisor.com|436-67-4698|1ad71d2f-f455-4fe9-9089-7714236262a9
2-City2|Tiffanie|Strotton|tstrotton9u@baidu.com|349-33-3908|96814b71-5033-4bde-91e6-eb247ce30045
2-City2|Marylynne|Alpes|malpes9v@ebay.co.uk|740-13-7560|71ba3db8-003e-4be0-a8e1-4177a2f5dfd0
2-City2|Melina|Kindred|mkindred9w@amazon.com|464-50-6560|97cc8230-974c-4cc9-9b25-5778300e6c25
1-City1|Lorita|Brumby|lbrumby9x@newsvine.com|163-29-0450|f6aef302-ad83-4800-bdb0-8b9a1c15b7cf
1-City1|Margalo|Golby|mgolby9y@fema.gov|303-80-4883|fd7dfabf-f984-41e9-9c22-b4821b56c640
2-City2|Meredith|Lowbridge|mlowbridge9z@yahoo.com|249-08-2131|b006eb55-6f5c-498a-9ab5-f0441ec86109
1-City1|Adlai|Pieters|apietersa0@statcounter.com|712-09-7498|298f4f95-7da6-4b98-b08d-a02eb4566a07
2-City2|Teriann|Stubbs|tstubbsa1@skype.com|452-61-2235|9e96e483-92c6-480d-aa7d-66a877a97562
1-City1|Imogene|Stallworth|istallwortha2@purevolume.com|776-91-1843|c8515a04-fdc0-4408-a812-05c05eea2ee6
1-City1|Ellynn|Moulding|emouldinga3@trellian.com|566-94-6965|387246f8-0a1a-46f6-ad83-2e96331a3576
1-City1|Cello|Hilbourne|chilbournea4@biblegateway.com|713-86-2726|c918bc6a-9bcf-498a-8783-5931a217962d
1-City1|Kimberlee|Fotitt|kfotitta5@tmall.com|680-60-7825|3d970cfe-2881-4daa-a6d8-1d8303b1cb42
1-City1|Amalie|McTrustey|amctrusteya6@instagram.com|508-35-0048|583a55ef-31d3-41eb-99c7-104a4b647cf8
2-City2|Allyson|Snalum|asnaluma7@e-recht24.de|138-84-0428|1ade0cf1-f462-4386-8ed8-c7be23005312
2-City2|Katha|Dahmke|kdahmkea8@dion.ne.jp|151-16-6516|634ead2f-bfa0-4d0e-9926-9f3d2ca8fa2a
1-City1|Cecil|MacGregor|cmacgregora9@spiegel.de|173-64-2090|585faef5-5e04-4cec-b3c5-13bdcf521a39
1-City1|Mellisent|Abbotson|mabbotsonaa@fotki.com|439-22-0655|747da1ba-ee5a-469f-b6a2-939da7184a43
1-City1|Estrella|Daintith|edaintithab@cnet.com|386-18-0428|d7d7a664-0891-49e7-8145-14778112e97f
2-City2|Miguel|Moorcraft|mmoorcraftac@google.ca|498-06-5741|f1ab3f3a-318d-446d-b217-9af986f6e511
2-City2|Abbey|Santry|asantryad@alexa.com|731-22-6485|379ee25e-bf14-4a4e-a1a4-5d1acd91f864
1-City1|Kissee|Strainge|kstraingeae@economist.com|303-05-5995|aebeba4b-b048-45f2-ae0f-d8999eb2ceec
2-City2|Sheelagh|Blezard|sblezardaf@statcounter.com|661-31-9985|57b3077f-2f87-4424-a00f-f895e7c0b52f
1-City1|Hewet|Ashwell|hashwellag@github.io|273-95-8848|d3b9f89b-5433-476a-97b6-e5e94b20bbd8
1-City1|Spencer|Ferretti|sferrettiah@wordpress.org|270-77-3533|94bbc814-df2f-4dfe-95dc-57013af03d3a
2-City2|Nappy|Hurch|nhurchai@tripod.com|427-99-1771|afa8fe0b-cf2b-4f1a-b067-1bd460eb1f83
2-City2|Rowan|Bech|rbechaj@dot.gov|798-84-5144|2005b80b-78aa-4659-834b-3dd7716f2387
1-City1|Janos|Pullman|jpullmanak@yelp.com|441-18-6353|62b9e97c-96bb-4339-a2fc-61b2c7ec8ab6
2-City2|Zandra|Luparto|zlupartoal@nytimes.com|245-77-1012|30319dc6-4bb6-4415-bbea-388933cfbec3
2-City2|Ginevra|Aimable|gaimableam@clickbank.net|114-94-9710|9c1bd1d9-26e3-44b1-908a-631d4c9119bb
2-City2|Giselbert|Gerred|ggerredan@youtube.com|130-68-8333|a5de74f0-1e12-4ae0-918c-cdb0bf723fd5
2-City2|Halimeda|Raiston|hraistonao@gov.uk|184-97-8489|acc0cfb9-5605-4abe-a594-d364226e60db
1-City1|Bobby|Haseman|bhasemanap@elpais.com|469-44-1992|677e5b39-d2b6-4ed8-bcbc-d5e11511f272
1-City1|Damon|Persehouse|dpersehouseaq@netvibes.com|453-49-6929|74c86b2d-ba2a-4c0d-9ef4-db292c21ecfa
2-City2|Sylvia|Chrestien|schrestienar@gov.uk|579-28-6882|b34a5623-7c8e-4982-8c33-11dae86ad8c6
1-City1|Valerye|Borg|vborgas@youku.com|686-83-9048|999d8433-f024-4193-8f51-5082a1f77673
1-City1|Derk|Bartoloma|dbartolomaat@hugedomains.com|479-38-4085|10a86a0c-9a37-4e59-8b5e-07c156cd4991
2-City2|Editha|Veare|eveareau@mac.com|597-54-5437|34261582-2803-4fdc-80db-c503c1224458
1-City1|Sandy|Bushnell|sbushnellav@fc2.com|188-45-7101|4db1a7aa-9529-4d27-ba7e-8dc06090d89e
1-City1|Bevin|Duling|bdulingaw@paypal.com|708-35-6054|266e7716-c41e-46e1-8041-8d645f59a519
1-City1|Kimberli|Greetland|kgreetlandax@cbsnews.com|691-55-7215|5987ac88-879d-4185-b00a-680895a703f6
1-City1|Efren|Edlington|eedlingtonay@hatena.ne.jp|628-81-2152|e39a0f57-378e-4812-9bdc-ea3a1d1df5cc
1-City1|Hertha|Giovanni|hgiovanniaz@last.fm|445-52-8384|0a12ec06-d064-4ba3-b91a-ea980354518c
2-City2|Joye|Capoun|jcapounb0@slate.com|850-79-5671|9091e43d-7a23-473b-91db-eafef6079e1b
2-City2|Trudy|Ikringill|tikringillb1@ow.ly|411-62-8829|739bac88-ac28-4163-824b-90eec23fc6cb
2-City2|Domingo|Shepperd|dshepperdb2@ning.com|507-09-5182|c92353ae-d1df-43fe-9e8f-a8928c3b5697
1-City1|Muhammad|Simons|msimonsb3@i2i.jp|500-06-3127|f865946a-e359-4767-b7e1-cdf6e5329f68
2-City2|Melisent|Florey|mfloreyb4@rambler.ru|205-59-2304|36a80955-8ee2-4b21-854c-aa43436ba15b
1-City1|Dianemarie|Blundin|dblundinb5@eepurl.com|311-75-1323|ef828f5e-be0e-4fce-a020-a6eeaceee394
2-City2|Dottie|O'Malley|domalleyb6@berkeley.edu|437-86-2910|dc0ffa29-dd15-48dc-9911-0b808609fa16
2-City2|Vidovic|Ackenhead|vackenheadb7@bigcartel.com|706-31-7682|7ae715f5-6237-404d-89fb-776659d6ba6f
2-City2|Rivalee|Bellis|rbellisb8@xinhuanet.com|346-42-1458|7a13fb35-500c-46dc-bc67-8c92c03f6481
1-City1|Hobie|Creyke|hcreykeb9@geocities.com|843-25-3499|d386baf7-7bd8-4b85-8caf-71d8b5e13639
1-City1|Sukey|Abramovic|sabramovicba@auda.org.au|630-67-7614|811f5650-e790-468e-aef3-b68a0140519b
2-City2|Minda|Aynsley|maynsleybb@fema.gov|172-57-1175|0541b5e8-ddec-43bb-bcd8-0eff9216a635
2-City2|Rebbecca|Pollastrino|rpollastrinobc@tumblr.com|640-56-8955|f12d2220-9f3e-4f35-89e2-00a360faa4e4
2-City2|Alric|Kinzett|akinzettbd@rediff.com|351-76-3455|1acbbb11-3e28-49c4-a1ce-f485ff13ebdb
1-City1|Noelani|Domenc|ndomencbe@yale.edu|249-78-6853|b87bf4cf-627d-4506-9579-9ca2805c64f4
1-City1|Livvy|Harder|lharderbf@apache.org|668-38-3995|60fdec6f-b270-4a1c-81c7-cd58e055eed4
1-City1|Chickie|Cicculini|ccicculinibg@ezinearticles.com|830-36-7361|2b25d15b-cdfc-4bb5-a93f-7472a6da0d53
1-City1|Cele|Lanigan|claniganbh@springer.com|466-48-0754|b09ddc3a-bc52-44c3-93fd-11f64cab670f
2-City2|Breena|Nairns|bnairnsbi@cyberchimps.com|426-75-5477|1f8f834d-fa43-46d8-ae27-2ca1a88e6dee
2-City2|Vance|MacWhirter|vmacwhirterbj@google.ru|613-35-4847|bf4c7c3e-bd65-4f02-91dd-23b2128c6b55
2-City2|Rad|Hinckes|rhinckesbk@altervista.org|630-15-0157|4cac76b1-b46d-44ee-8f56-cb0e7025a80f
1-City1|Devy|Swatman|dswatmanbl@soup.io|231-97-9650|0f5a63a3-a642-4835-bc06-7e728a9c9af3
2-City2|Zebulen|Rupert|zrupertbm@utexas.edu|175-45-3337|edf39d88-47e1-4f4b-ac0f-d06c1c9d3639
1-City1|Allie|Newborn|anewbornbn@harvard.edu|684-67-5783|16e7fab7-6237-4525-904a-4688fceb6f66
2-City2|Jehanna|Twining|jtwiningbo@discuz.net|128-79-3278|775eef4e-a653-4a77-8dd6-475bc62266ad
2-City2|Paulina|MacLucais|pmaclucaisbp@issuu.com|733-29-1658|d5118057-8c11-487b-8bc1-1350748d0589
1-City1|Yoshiko|Turvie|yturviebq@pen.io|333-43-1700|3453e8cf-3008-4101-a2a4-0d1e75e26576
2-City2|Germain|Rudland|grudlandbr@printfriendly.com|862-82-2275|fb777cb0-3235-4d70-be64-c6dd20446de4
1-City1|Athena|Verne|avernebs@walmart.com|890-11-6020|46a1ba91-26b7-45ac-855f-98182885147c
2-City2|Leicester|Sollitt|lsollittbt@wisc.edu|841-71-8965|66777417-d954-42b8-9f76-c407bf4b1c02
2-City2|Horatio|Ruddiman|hruddimanbu@usa.gov|105-02-8092|7a035d0a-fff8-481a-a65e-84efe11f7a2b
1-City1|Dorena|Jovis|djovisbv@vinaora.com|775-06-6535|fe57862f-bea4-41bb-976f-52128b1e63ae
2-City2|Merv|Ferronier|mferronierbw@nhs.uk|488-81-3651|be4e250d-aceb-45a3-8338-155e37565c70
1-City1|Christabella|Bernardelli|cbernardellibx@plala.or.jp|180-06-6634|74bb4939-6df0-4f4e-862f-056843d8c0ac
2-City2|Wallace|de Savery|wdesaveryby@webs.com|493-24-9643|f154dd7f-a418-458c-a949-c035bac5ed34
2-City2|Corie|Acreman|cacremanbz@washington.edu|140-22-9096|89c2d327-6bcf-4e02-96ad-7b32b4709b53
2-City2|Pattin|Cloney|pcloneyc0@joomla.org|631-71-1196|4b617f23-941d-4874-8e96-8386833d1519
2-City2|Hana|Dudeney|hdudeneyc1@comcast.net|336-79-4182|ca3099d8-bdd8-4898-80d4-760a1baebf63
2-City2|Rickie|Strafford|rstraffordc2@auda.org.au|572-14-2454|0bbd5d79-071f-4809-a032-889285366d18
1-City1|Audy|Branscombe|abranscombec3@smugmug.com|584-89-7263|aa0f4180-b68d-48c1-9a09-366e5f44c1cf
1-City1|Hamish|Gookes|hgookesc4@histats.com|627-15-7754|185ca76e-48f4-4434-b436-f954670a429a
2-City2|Goldia|Jolley|gjolleyc5@gravatar.com|661-84-5121|8c40805e-b1e8-4a80-81df-6ab97d358b09
1-City1|Margery|Bootherstone|mbootherstonec6@slashdot.org|136-01-3729|58614fb2-d76f-42fa-98da-a80d4e87207c
1-City1|Debby|Kenchington|dkenchingtonc7@sphinn.com|895-30-3712|ca74ded5-b26e-4d2a-8629-a1872b944d79
2-City2|Farrand|Debney|fdebneyc8@blogspot.com|304-79-0162|d462b965-bd5a-441e-bf21-482509320ad1
1-City1|Gradeigh|Fidian|gfidianc9@eepurl.com|110-50-2696|cd4eb5ca-4809-45bb-a897-52282750c3d5
2-City2|Celene|Starten|cstartenca@bbc.co.uk|473-87-7061|cbd3292f-bb2a-4e81-867a-7afaaeeb89e3
1-City1|Armstrong|Stein|asteincb@addthis.com|300-50-0361|18b0a440-08a0-4cf1-9605-ddf2a6ba6333
2-City2|Averyl|Gallager|agallagercc@lycos.com|447-88-8767|5f7ac04f-0e2d-44a7-b0cb-4290f0bf7bf1
1-City1|Willi|Yockley|wyockleycd@marketwatch.com|856-89-4798|030d3e0f-a10d-49c3-916a-f5410dde9b18
1-City1|Emilee|Drysdell|edrysdellce@globo.com|153-77-7123|4fdd3585-e092-4b45-8dd4-7060261dfdd3
1-City1|Adella|Testro|atestrocf@hostgator.com|134-65-0844|2f42b7f4-cb5f-4830-8e30-57f457568025
2-City2|Bearnard|Keiling|bkeilingcg@alibaba.com|334-56-9749|36028cea-e542-4f4a-9fab-bcbfa0f01703
1-City1|Corbin|Mont|cmontch@howstuffworks.com|119-80-6734|27900f97-6c91-46c3-a4a4-2682d1df125e
1-City1|Tobey|Dawley|tdawleyci@over-blog.com|758-49-7357|86f54e92-11b1-47f8-a6a3-5d7f2d44daca
2-City2|Blaine|Hayers|bhayerscj@dailymotion.com|102-82-3465|6225c1e2-e5d4-4131-a784-87982fdae7fd
1-City1|Morse|Hillett|mhillettck@marketwatch.com|630-89-1839|8dcb3994-d278-4363-aad4-f7828da5ef40
1-City1|Gilemette|Merck|gmerckcl@networksolutions.com|485-13-7095|0dcd3504-e89f-415d-b6b9-65cf1f96680a
2-City2|Cecelia|Slide|cslidecm@reuters.com|490-73-8859|a9949461-b071-4833-bde6-7a311ff880dc
2-City2|Farra|Oliver-Paull|foliverpaullcn@virginia.edu|453-87-3067|68f49e2b-4f5e-4d23-a179-56684cfe8f8c
1-City1|Joane|Brendel|jbrendelco@nymag.com|139-76-1611|485effcc-f223-4cf5-87f1-f039138bd670
2-City2|Traci|Burnhill|tburnhillcp@thetimes.co.uk|160-11-2622|a6d535b0-a5fe-460f-838e-e852f121a109
1-City1|Eve|Wadelin|ewadelincq@mayoclinic.com|429-15-6242|dd5b3b96-e605-42fe-bcac-1bb74943ceaf
1-City1|Vito|Johananoff|vjohananoffcr@disqus.com|673-28-1855|6badcd17-c577-4ac3-8954-05c5fe80056e
2-City2|Joye|Cockerton|jcockertoncs@xing.com|209-93-1676|996f560c-c049-4a0d-a489-fde2e455df9c
1-City1|Adan|Gier|agierct@admin.ch|579-48-6715|8248ed68-93f7-416d-956e-9e15d1871d4a
2-City2|Pattie|Dobrowlski|pdobrowlskicu@homestead.com|422-15-8077|f558e056-c75a-4775-8889-c38f3fb33915
1-City1|Elane|Tandey|etandeycv@wisc.edu|271-26-3537|aa30bdb9-b356-43e7-99bd-3ab3860a035b
1-City1|Lianne|Souza|lsouzacw@is.gd|678-20-4234|648915f0-3d49-42ac-a414-d6d48ad1a15f
1-City1|Sophia|Hares|sharescx@walmart.com|103-89-0466|b4b7077e-be10-41e5-99a7-89366c8d3644
1-City1|Enrique|Cuddehay|ecuddehaycy@vistaprint.com|553-93-2444|522bdc0d-e1f0-4642-a7bd-a6576a2010b2
2-City2|Florette|Bursnell|fbursnellcz@hostgator.com|636-12-3153|033b47ea-25b0-4a5a-9bf2-5fd55691906c
1-City1|Todd|Buddock|tbuddockd0@nationalgeographic.com|352-45-9826|19678adb-c51d-45d3-a5bd-8ed8080c22c3
1-City1|Dara|Jaycox|djaycoxd1@fastcompany.com|336-92-7675|028760a4-3633-46d2-bc58-8121b481058f
2-City2|Marietta|Steadman|msteadmand2@networkadvertising.org|490-47-9779|13796803-46f7-4a79-b37b-c5a9fbe82e57
1-City1|Knox|Skettles|kskettlesd3@youtube.com|667-81-5079|4c03a612-bcf5-491c-96cb-e7648d3172eb
1-City1|Sloan|Mitchener|smitchenerd4@harvard.edu|686-56-8933|0f16cb50-39d5-4967-adce-a7c4e7a85ef8
2-City2|Haslett|Stive|hstived5@cnet.com|117-73-0556|fecf8743-220e-416d-be43-e74d7c289cf2
2-City2|Diana|Purchase|dpurchased6@yahoo.co.jp|827-16-7446|2ea4a8c6-9a11-4432-bc1a-9806bd4d3606
1-City1|Louise|Allbut|lallbutd7@clickbank.net|746-94-4347|ece05741-7c0a-4152-9cdf-4b97c989feff
2-City2|Gillan|Culshaw|gculshawd8@a8.net|773-04-1351|02f5ad98-de5d-4600-a1c8-a9adabbe4213
1-City1|Atalanta|Skidmore|askidmored9@people.com.cn|368-14-2896|5230cec6-6d2b-47f9-9bb1-0db9233240f8
1-City1|Micheline|Martin|mmartinda@imdb.com|417-90-0867|37e3c490-cd45-463a-9ba7-2058c6fbeaef
2-City2|Perri|Fairn|pfairndb@qq.com|761-97-2243|b7b8b653-bb5a-4435-b0c0-9c4737befb53
2-City2|Dani|Flear|dfleardc@illinois.edu|272-25-7346|ec940fc4-4bdb-4331-b834-108f24d892c5
2-City2|Morena|Yeude|myeudedd@unblog.fr|486-49-4861|e6a5f322-3947-4b61-95f0-afcb92b8436e
2-City2|Carmon|Furlong|cfurlongde@nba.com|792-69-6865|5fbb1ef2-5d7e-4f99-a7ba-8cf1e9a21736
2-City2|Ramsay|Stockhill|rstockhilldf@histats.com|680-85-7468|f80bc03c-e8e0-4f0b-b2d0-8884d74ef20b
2-City2|Jasun|Verlander|jverlanderdg@reverbnation.com|486-61-1351|7acce6d2-a2e0-439b-9d60-459f90222180
2-City2|Val|Lambot|vlambotdh@columbia.edu|648-93-7703|ceeb75e8-c43e-4d14-9ee8-4e5b04ff3100
2-City2|Bobbie|Gallon|bgallondi@networksolutions.com|275-23-6994|18acf480-4903-4567-8da3-d9c68a265934
2-City2|Munroe|Croad|mcroaddj@go.com|188-96-2723|91c0c6ca-db79-4e85-a847-4dc3405d23c7
2-City2|Laurel|Lucock|llucockdk@army.mil|207-39-5944|3bfd70a4-2c6c-45b0-8a0d-4c2f15952d9e
2-City2|Clayson|Pull|cpulldl@vk.com|166-16-6705|a958cc32-9351-40fd-8511-ece6adbdd56c
2-City2|Aharon|Berthelet|abertheletdm@addtoany.com|741-15-6873|c94fdff3-9165-4e12-95c8-0f4109ba823d
1-City1|Rolph|Stokell|rstokelldn@ning.com|812-08-4933|99a93b15-71f1-49af-b99d-c307da07f0b1
2-City2|Lek|Tonbye|ltonbyedo@networkadvertising.org|605-19-4694|e8daf31b-b3e1-41ed-9a24-da68c14a21b5
2-City2|Anatola|Polley|apolleydp@cdbaby.com|448-48-6463|bb4ba2fd-cc19-4691-89c4-355ff966a62c
2-City2|Farley|Riddall|friddalldq@deviantart.com|187-53-8255|9a841e6a-f2fa-4054-94ec-1d8f5ec56a4c
2-City2|Maddie|Alenichev|malenichevdr@wp.com|660-42-9275|f2cb5799-256d-4ec6-aa33-02e3fb17da51
2-City2|Vale|Clark|vclarkds@berkeley.edu|735-79-1817|6b0b6b7b-1e13-4edf-9a9d-ea968d149dcc
1-City1|Claus|Napoleon|cnapoleondt@technorati.com|596-15-7345|33d22eb9-881d-4838-add3-8030f955e290
2-City2|Mollie|Caldicott|mcaldicottdu@multiply.com|556-05-1295|da6cb0bf-ba77-47a6-bfa9-9bd5c0ad9be0
2-City2|Bren|Malyj|bmalyjdv@ucoz.com|121-22-0703|2d3a56cd-174d-473c-983d-76fa84726cba
1-City1|Sherrie|Sellwood|ssellwooddw@networkadvertising.org|340-30-4608|4e8911c7-5cf1-4766-bb94-b532a8763516
1-City1|Catlee|Benninck|cbenninckdx@studiopress.com|608-92-5133|a5627ba8-e7dd-4e33-afcd-c72db9b45d31
1-City1|Wynn|O'Farrell|wofarrelldy@ovh.net|285-23-6028|62376ca1-5794-4d6a-836b-5831a3ed2fbf
1-City1|Gerda|Hain|ghaindz@clickbank.net|772-19-6680|63d73c4a-d4e4-4da8-b8a1-636208bdf32a
2-City2|Rafaellle|Campes|rcampese0@cdbaby.com|326-91-1872|d9a551c9-a9ff-425c-a518-f5ef356d5d1d
2-City2|Aigneis|Woolway|awoolwaye1@wordpress.com|656-26-3072|ac6e5913-b614-4cf9-abbd-61924b7b94d5
1-City1|Shalom|Minear|smineare2@pen.io|735-11-0446|2e1a3770-5f28-4fa4-bc3f-25e277df3558
2-City2|Richmound|Lipprose|rlipprosee3@eepurl.com|396-33-3802|dd9fed73-c83a-4f91-b502-d5453f8b9a5c
1-City1|Brnaba|Hulbert|bhulberte4@psu.edu|213-25-7109|4e48717f-27f1-47c1-bb00-b5aabef221d3
2-City2|Lizabeth|Ambroix|lambroixe5@imdb.com|372-58-3639|f06b1350-9f16-488f-b6b5-c4eb7250a49f
2-City2|Jenine|Bannester|jbannestere6@usatoday.com|680-24-1031|f275d54d-746e-4e29-b151-7b3982e74a8e
2-City2|Erroll|Newman|enewmane7@fotki.com|845-09-4917|bed370d8-1088-400f-8f31-9a82d93601d6
1-City1|Lauren|Tofano|ltofanoe8@mysql.com|275-60-4237|b8d7d9fe-fdfb-42af-aec1-c7f797b3af39
1-City1|Leland|Sprowson|lsprowsone9@desdev.cn|457-46-8646|61c4143a-5d7a-41d1-9f02-565936c89061
1-City1|Paul|Reiach|preiachea@seattletimes.com|188-65-3856|4c632d2e-6979-43bf-8048-bb360221f203
1-City1|Grata|Brookbank|gbrookbankeb@bloglines.com|180-84-3364|6cce450f-0715-4759-aea7-822f6d2e33e4
1-City1|Cristian|Jurek|cjurekec@lycos.com|339-41-0909|a31bbf7c-b090-4c11-893d-f114e1ee767f
2-City2|Haley|Bernardi|hbernardied@furl.net|232-78-6757|f1f6b4cd-68da-4bbf-94f3-eaa89067481b
2-City2|Loren|Bragge|lbraggeee@quantcast.com|663-66-1291|69206a8b-adb7-4c58-b18b-966de7410a1f
2-City2|Shannen|Vidler|svidleref@phoca.cz|157-26-8789|8f953d8b-f3d4-40c0-ae39-daf70dce8074
1-City1|Vaclav|Shortland|vshortlandeg@reuters.com|515-31-0337|da0b89d1-8cfd-4c00-b157-4b279137dc5d
2-City2|Grayce|Mahood|gmahoodeh@nhs.uk|459-13-3770|ad8044fa-535f-40ae-ba63-6829a1e315b0
2-City2|Kipp|Hartus|khartusei@msu.edu|414-07-1755|8253cde4-07f0-41c7-9176-42a0a1db0042
1-City1|Saxe|O' Kelleher|sokelleherej@ucoz.com|840-03-1307|3c8be619-11e4-4c9c-96e0-a67b1ebc35e0
1-City1|Brockie|Onthank|bonthankek@newyorker.com|866-70-6551|0e2933dd-47da-431d-8087-3397ffab8bc1
2-City2|Elisabetta|Diggons|ediggonsel@engadget.com|667-36-1568|dfaa56a0-964f-4430-b193-65b718b10426
1-City1|Gwendolin|Creasey|gcreaseyem@auda.org.au|399-41-1004|506166d8-4649-434d-9fe1-58c4a8bb4853
1-City1|Addy|Sacco|asaccoen@buzzfeed.com|166-13-5056|3099da92-a0e9-4a32-9a8e-c630e95d4eb0
1-City1|Waverly|Lorait|wloraiteo@123-reg.co.uk|814-81-5746|53e536ee-1d75-4e66-b5bc-edc7761392e0
1-City1|Trey|Emmet|temmetep@google.co.jp|368-25-1445|d6b2a470-78ac-487c-8d50-05350bc049b4
1-City1|Dorian|Lilley|dlilleyeq@tinypic.com|670-99-6400|c8266a41-7a84-4bad-b88a-22215e0cd7bb
1-City1|Fidela|Phibb|fphibber@dailymotion.com|298-62-7460|ca3bfe44-cf06-4620-b387-b5fb06040b30
2-City2|Sandy|Bodley|sbodleyes@google.nl|546-64-8557|9fccc762-ef74-4713-8b5f-ea1b64bc337e
2-City2|Dorothea|Delamar|ddelamaret@usda.gov|813-98-8073|ad052b3b-4699-4914-859c-c25c15836165
2-City2|Consalve|Terbeck|cterbeckeu@dagondesign.com|340-36-9423|f5ad3242-9880-460b-85d2-6a8fb0044e49
2-City2|Perl|Ferrandez|pferrandezev@discovery.com|120-09-8861|0081edd7-5063-46f7-9d7a-cafb34e6f286
2-City2|Malinde|Meeron|mmeeronew@networksolutions.com|545-86-5301|0ee60792-20c4-486d-b75e-8282e79a4ea0
2-City2|Em|Ilden|eildenex@meetup.com|554-17-1839|e9be5479-277c-49db-a359-1845a42b42ef
2-City2|Felicity|Worham|fworhamey@ebay.co.uk|689-27-1124|6a6230d9-4118-4015-93fe-5a53830ebac7
2-City2|Aryn|Hawkin|ahawkinez@mozilla.org|156-51-6266|a5c9217c-00ba-4daa-a3a6-c8d3a128696f
2-City2|Chrotoem|Kermott|ckermottf0@51.la|105-09-5442|7eec15ec-979d-4a30-bb03-f0eaaa71a495
1-City1|Gabey|Dugue|gduguef1@csmonitor.com|286-24-2180|df0f8d45-4847-42e4-b8d2-b53e469dabc0
1-City1|Celestia|O'Dwyer|codwyerf2@netlog.com|730-62-6160|eb0edbef-c655-4e2d-bf19-b0213be085a9
2-City2|Terrance|Shimoni|tshimonif3@1688.com|580-93-3732|b44e004d-8cd6-425e-b782-8476a7c4e18b
1-City1|Leupold|Youde|lyoudef4@jigsy.com|794-82-7367|5ee6fd78-084e-45c2-ab98-4bde3c850886
1-City1|Tybie|Nielson|tnielsonf5@netscape.com|802-70-9293|7f6f96f9-051c-49b6-9a2d-d26f806c3e88
2-City2|Dorian|Stanford|dstanfordf6@deviantart.com|673-20-5257|b4d56ca7-06f0-468c-8a5c-5afe0f3850f1
1-City1|Linnea|Manifield|lmanifieldf7@army.mil|456-79-3358|372ef05f-2e43-4fea-8702-160e6d30dedb
2-City2|Raye|Jossel|rjosself8@list-manage.com|630-07-3477|c0b77c34-51cd-48fa-a9f8-e4a33089f6e8
2-City2|Shelly|Belliss|sbellissf9@baidu.com|738-52-8810|d6bca9e6-19fa-458d-ad0e-7f567889653f
2-City2|Guinna|Boig|gboigfa@lycos.com|728-50-0307|de404e70-90da-411f-9312-9fe81c352a21
2-City2|Rosie|Abbett|rabbettfb@deliciousdays.com|368-27-1049|c3fa7a75-7a9d-44cd-80e2-98ff8fd1aa48
1-City1|Vidovik|Curro|vcurrofc@godaddy.com|767-92-5405|31ce2e19-b78f-4ec5-b08e-b360e44d4000
2-City2|Michel|Linsay|mlinsayfd@google.de|662-35-7711|46fe89ee-082b-423d-b003-d163571cc143
1-City1|Merrie|Daingerfield|mdaingerfieldfe@loc.gov|842-12-2405|a8e364d9-bacc-4eb3-b9f8-b4850d037be2
2-City2|De|Timeby|dtimebyff@washingtonpost.com|570-90-8799|40112ee1-b42f-4be7-be8e-b019819e6bf5
2-City2|Hermina|Roobottom|hroobottomfg@accuweather.com|396-39-2419|3513c6b3-e14e-4d8d-82db-99a5d21ff320
2-City2|Cristine|Dunne|cdunnefh@lycos.com|228-66-7627|ebd0181e-bf6c-4e90-b7d4-258bec1ea481
1-City1|Alexio|Coners|aconersfi@sphinn.com|833-09-7779|b0de2dd5-da00-4898-8722-bfe08258a684
2-City2|Frederico|Scamadin|fscamadinfj@imgur.com|395-24-6040|965f7e97-6203-47bd-a547-78043e7a6aab
1-City1|Ham|Jacqueminet|hjacqueminetfk@auda.org.au|112-63-0641|418de72c-f491-46b7-a863-d3471193abf3
1-City1|Rhona|McKoy|rmckoyfl@scribd.com|366-70-1463|60dd9be3-2cc7-42b8-9576-18a2e61776b9
1-City1|Devlen|Demare|ddemarefm@elpais.com|406-89-2794|17b736cc-8676-4bf9-93eb-96da86f158b0
2-City2|Mickie|Aronov|maronovfn@macromedia.com|776-28-1493|35eb6b31-c577-46e1-9b3c-6bf6664b9131
1-City1|Vernen|Armitage|varmitagefo@hugedomains.com|703-23-2580|e655ef0d-c00c-440b-bd31-0fd8515ff75e
2-City2|Ryon|Delaney|rdelaneyfp@exblog.jp|654-32-0248|23d7070f-875b-4342-a6ce-711c67525b7a
2-City2|Murial|Keme|mkemefq@symantec.com|636-15-1962|8ac6520e-8c89-4d67-b821-3337fdf9d7fe
2-City2|Robert|Radbourn|rradbournfr@dmoz.org|658-42-3928|df4e786e-2eeb-4b9c-8e44-49ddab7f7d2a
2-City2|Betty|Buffham|bbuffhamfs@digg.com|545-47-5505|6852f367-e09f-4978-ace6-809dcecb2c2b
2-City2|Donal|Awmack|dawmackft@accuweather.com|682-77-1497|64bf88aa-7c09-4e14-ba44-a13dee970932
2-City2|Sayre|Cairns|scairnsfu@nationalgeographic.com|701-11-8073|353402ca-02bd-46f7-bd84-bc6699494fb8
1-City1|Ebony|Sibley|esibleyfv@bandcamp.com|646-07-6345|95db19b0-1929-4f14-bfb8-374fc9c7e070
2-City2|Belita|McAlinden|bmcalindenfw@comsenz.com|249-74-5819|bc62e25b-d761-408c-96e6-e2f7a6013c3f
2-City2|Hercules|Drogan|hdroganfx@simplemachines.org|695-70-9345|1d156fb0-32f7-409c-b9b1-3641cd8eac7d
2-City2|Nevins|Livick|nlivickfy@woothemes.com|147-96-3888|795db86c-bd66-43ad-8db0-ab4996f8e787
2-City2|Luz|Hartness|lhartnessfz@parallels.com|159-75-1819|2930569a-93f4-4bdf-a854-a28005e84023
2-City2|Jake|Stroobant|jstroobantg0@apple.com|379-11-9058|3440a523-ad1b-43b8-8caa-8d0b60b23fed
2-City2|Adriana|Gammack|agammackg1@cocolog-nifty.com|695-11-1000|24cf59a9-6b9f-4f50-bcb4-59c80258acb3
1-City1|Lotte|Ripper|lripperg2@usnews.com|415-18-5288|d2779f4a-9421-4060-98b2-c31514cd47b3
2-City2|Nettie|Holyland|nholylandg3@printfriendly.com|612-39-9050|a05e666c-9666-4827-aec5-2731812f26fd
2-City2|Noni|Oakley|noakleyg4@zimbio.com|245-63-4359|7c9862f0-d3e6-4ed8-919d-4159f781bcfc
2-City2|Corabelle|Cossor|ccossorg5@craigslist.org|892-86-5802|eb8b4680-026e-4fda-ab13-11be33d13ebe
1-City1|Dyann|Spaunton|dspauntong6@amazon.co.uk|120-13-4037|ea4f5055-395e-4445-ae5f-6b207234a4ba
1-City1|Benny|Straniero|bstranierog7@cbc.ca|878-94-5464|87dd7870-6882-4d05-8f7d-484c7a897025
2-City2|Katha|Scapens|kscapensg8@tuttocitta.it|341-92-4091|2b46cdbd-43e8-42f2-869d-d2fd2a63c1f0
2-City2|Adel|Pickaver|apickaverg9@instagram.com|116-51-6925|de3921e2-602d-4dd6-b048-d54032027c79
1-City1|Kipp|Whotton|kwhottonga@sourceforge.net|597-16-2297|e19bc413-30ba-4591-bd59-486690d32fe2
1-City1|Fin|Grennan|fgrennangb@soundcloud.com|581-07-7133|740b5fe9-a973-4728-b485-580bd76866f4
2-City2|Jonis|Ottery|jotterygc@google.co.jp|617-35-7646|35a00831-4970-433a-83d2-ecbdf7b98adb
2-City2|Eirena|Blackborne|eblackbornegd@typepad.com|175-25-4123|3fad7ff2-0386-4e36-ac88-9af92942bb53
1-City1|Ketty|Bisterfeld|kbisterfeldge@webeden.co.uk|281-51-4920|a081c4c5-606a-461d-bdc0-071a9728dc67
2-City2|Gregorius|Schoroder|gschorodergf@behance.net|840-96-4290|3d8d097a-c4da-4610-8721-0dbc2961cba6
1-City1|Vickie|Thieme|vthiemegg@about.me|153-68-7933|3b8ed75a-f12b-4def-9b86-18f5bbb7fcd6
1-City1|Corabelle|Duligall|cduligallgh@multiply.com|811-92-5042|c4ff7e01-e6d5-4a9f-9852-65d27f5f1c72
1-City1|Margaretha|Drummond|mdrummondgi@sphinn.com|876-23-8258|a23357e1-7cf5-4d02-8495-e0157d4090a5
1-City1|Lyndy|Devereu|ldevereugj@networksolutions.com|423-38-6831|85a6d3ab-2828-4e2e-bfc6-7abe18acc245
2-City2|Brandi|Chancellor|bchancellorgk@omniture.com|896-72-6153|2ac8978f-d309-4970-a340-8d5ebca94b04
2-City2|Bealle|Hurton|bhurtongl@chicagotribune.com|720-72-8968|72b1c878-8267-4188-9afe-18deb0a1f2e9
1-City1|Maribel|Kleinberer|mkleinberergm@4shared.com|589-23-1925|c25b0860-a2dd-4cec-a072-62a75a5b3ff3
2-City2|Minta|Bakeup|mbakeupgn@smugmug.com|696-10-0946|128fe50d-af81-495f-b048-ed9d240319f1
2-City2|Henri|Shewery|hshewerygo@mozilla.org|409-41-0914|4ccd1cd5-6228-4cce-9981-f167b7b7a738
1-City1|Carmelita|Blincowe|cblincowegp@paginegialle.it|460-40-0341|4adfad4e-5049-43bb-94c5-99bddfac5f32
1-City1|Luci|Collinwood|lcollinwoodgq@usnews.com|675-62-6867|743bb517-f13a-4565-b02b-62611ec52e24
1-City1|Dacia|O'Sharry|dosharrygr@cbc.ca|125-70-1418|3c2d956b-6707-4717-b9cb-df6b7afe71cd
1-City1|Prissie|Georger|pgeorgergs@guardian.co.uk|878-03-1380|95adfdf2-00e5-4768-bf2f-edd40ea7e40f
2-City2|Paolina|Anyon|panyongt@icq.com|310-06-7194|b41e6f73-be90-45d0-90e0-8bc8860ea1bf
1-City1|Lorine|Clixby|lclixbygu@cloudflare.com|127-52-6061|57cf31cb-d4d6-40fd-8cd2-4f101e9e4cc9
2-City2|Natalee|Banes|nbanesgv@ebay.com|204-73-7731|1ef3df74-1431-4890-aed6-08bac88b8508
1-City1|Erny|Hiddy|ehiddygw@ucsd.edu|752-80-7685|5ae1fa50-fad1-44bb-ae12-f375212f3ade
2-City2|Fletch|Bellson|fbellsongx@tiny.cc|828-27-7115|6fad08e8-61c6-4669-8953-4314e46fb9ca
1-City1|Myrah|Wealthall|mwealthallgy@dedecms.com|574-18-6755|b8c335d5-ad96-4e3b-b297-daa3b69f6842
1-City1|Iain|Cavnor|icavnorgz@umich.edu|309-66-3821|a8b1e821-7897-412e-852c-e8513157dfb4
1-City1|Karol|Dudley|kdudleyh0@techcrunch.com|338-23-0988|2cac913a-0bac-490a-9d98-afa71021564d
2-City2|Pincus|Birchwood|pbirchwoodh1@bloglines.com|101-90-5957|e80473f0-c231-495b-b466-c08c1cfc56b0
1-City1|Gianna|Jorio|gjorioh2@domainmarket.com|853-46-8019|b06c83e4-dba2-4ea9-aadc-6506840bee42
2-City2|Joni|Antonat|jantonath3@wikispaces.com|886-68-7710|1247bb8c-31cf-47e0-b12a-c4794acf5e26
2-City2|Doe|Rikard|drikardh4@bluehost.com|363-05-4344|4080c4aa-1074-4a9a-9d30-f320ec19f432
2-City2|Iona|Battams|ibattamsh5@goo.gl|687-16-6347|bd9dca40-4dcf-4816-8a75-9111198bed72
2-City2|Leslie|Burgum|lburgumh6@ucsd.edu|777-54-2664|bdca5612-dbaf-413a-b426-4bfda635187e
2-City2|Ambrosius|Wicklen|awicklenh7@usda.gov|810-62-7725|66d8484e-7d46-4622-914d-4d2a33f6f982
1-City1|Friedrick|Horsburgh|fhorsburghh8@kickstarter.com|451-38-3353|f0056f99-cea4-4ae6-b37f-ccc936228399
1-City1|Jerad|Lapre|jlapreh9@samsung.com|650-35-9265|20b4ad81-97fe-419e-be46-00f47f37e421
2-City2|Luelle|Barus|lbarusha@netvibes.com|765-15-7061|12b54400-dd63-4fab-9539-8155ca28974a
1-City1|Atlanta|Zimek|azimekhb@zimbio.com|571-20-8853|5ed38078-8905-4823-b14d-b418a4447fd2
1-City1|Rubie|Bullough|rbulloughhc@biglobe.ne.jp|515-86-2976|b29fc336-d4fd-4332-a712-537988b9bb61
1-City1|Hubie|Dufer|hduferhd@nydailynews.com|159-76-7175|041bf91b-8137-401b-a969-41e0019c1c30
1-City1|Chet|Sheilds|csheildshe@npr.org|304-98-9639|0aaaf4f6-69f6-4f42-912f-4d41695a9057
2-City2|Allissa|Witheford|awithefordhf@ucoz.ru|737-58-5560|1ca42927-fe72-4fee-9f19-89a4e5e05c82
1-City1|Kerri|Maystone|kmaystonehg@vimeo.com|647-62-7811|16dc48e9-e71d-4a00-81f3-6ebfba22ebe9
2-City2|Cazzie|Peniman|cpenimanhh@gravatar.com|105-80-0490|1ce9b33c-cc66-4b13-b00b-9d1d810601be
2-City2|Curtis|Pedder|cpedderhi@behance.net|347-90-9654|40a569f1-ae24-4739-a833-94d41740a9f5
2-City2|Myrta|Wheaton|mwheatonhj@gov.uk|375-60-4064|aeb9d59f-5963-499a-a730-feff0a8e5aa1
1-City1|Rosalind|McClary|rmcclaryhk@mapquest.com|481-77-4272|7b51307a-cc64-4b26-ad48-18b33f0eff55
2-City2|Jerrome|Bradfield|jbradfieldhl@cam.ac.uk|467-19-9367|aa3be8b5-80e9-41a7-964a-995b4de06ba3
1-City1|Andrew|Smeeth|asmeethhm@bloomberg.com|350-93-2672|f54787af-6214-4aad-b4a6-a397002962c8
2-City2|Concordia|Hancox|chancoxhn@apache.org|871-32-8029|1f25a724-ee36-4d97-97f4-3d15da7ed108
1-City1|Pavlov|Olliar|polliarho@mozilla.com|168-86-0984|6c48e08f-9fcb-4cf4-b487-37676acdfaab
1-City1|Lanni|Grayshon|lgrayshonhp@gov.uk|302-24-4648|91e4b51d-a4b1-44ea-a854-3846f43ab898
1-City1|Patty|Abramovicz|pabramoviczhq@google.co.uk|490-86-2924|8fa2c124-bc88-4032-b1d5-24ae53587501
1-City1|Gaston|Burehill|gburehillhr@patch.com|895-57-3195|9fb01a6f-ff54-453d-a1ae-b862a9a729d2
1-City1|Wynne|Mutter|wmutterhs@usda.gov|231-95-8743|c5526124-096e-4ce9-a8cc-37a0c131212b
1-City1|Emmye|Millery|emilleryht@jimdo.com|833-12-6549|b1f43b62-04d1-4bb2-bfd1-f63d055198eb
1-City1|Frederick|Heining|fheininghu@wufoo.com|543-46-4671|72c8138b-50b5-467c-9301-a98d7d469200
2-City2|Sibley|Swanton|sswantonhv@indiatimes.com|681-85-7627|37d7976a-6162-4a24-bd8b-1119ab4339c0
1-City1|Thorsten|Condie|tcondiehw@telegraph.co.uk|668-85-3956|311eeb9d-3e8b-42b6-8215-a72de92c4e46
2-City2|Ennis|Cadlock|ecadlockhx@sfgate.com|160-67-9862|183259e3-a8db-470d-8e7c-f978227333dc
1-City1|Arlen|Grimes|agrimeshy@scientificamerican.com|632-78-6734|a83e0143-82f9-49e6-b423-724ee1876966
2-City2|Rex|Chesswas|rchesswashz@smugmug.com|236-10-4039|ab08e267-b990-47de-b039-2603e845239e
2-City2|Chantalle|Hablot|chabloti0@e-recht24.de|638-46-5896|07441c07-623a-4fb0-bb79-1ce81f93910e
2-City2|Pablo|MacRinn|pmacrinni1@discuz.net|896-61-8912|7bd15e1d-9b9e-4dc1-9c2f-c01770e9f8c9
1-City1|Moyna|Fearick|mfearicki2@eepurl.com|606-43-8789|0560e46b-8efc-4858-b025-72f4ecbf85b8
2-City2|Kariotta|Theuff|ktheuffi3@livejournal.com|231-50-9177|a02f894d-a25e-48df-98fb-bf1828dc70be
1-City1|Dion|Bonafacino|dbonafacinoi4@pagesperso-orange.fr|607-28-0509|bb94fdd5-a73c-4737-b08a-9e3ab19a870a
2-City2|Wyatan|Whear|wwheari5@1und1.de|377-79-8833|a7f295c4-fcc9-4444-80e7-af940c03251f
2-City2|Alfie|Brigstock|abrigstocki6@unicef.org|593-32-1940|b5e631c1-b430-4353-8fa5-e6ac94e6f900
1-City1|Marie|Matthewes|mmatthewesi7@php.net|249-31-4872|3c79ca9a-2c0f-474e-a1fa-8b49ed1731ed
1-City1|Sheba|Trathen|stratheni8@craigslist.org|538-94-6066|11ec3dfd-1aa8-4f4c-9d6f-bd5d83b779fa
2-City2|Silvan|Burnard|sburnardi9@digg.com|146-48-3989|e5f47844-626d-4b1f-86ef-d9bffe3b7068
1-City1|Pet|Hammerstone|phammerstoneia@ifeng.com|529-25-8383|e540747d-3418-4bfe-9eb8-9faf88df031e
1-City1|May|Dearnaly|mdearnalyib@facebook.com|508-80-3769|a406283d-aa82-4bdf-b91f-a4f0decae260
2-City2|Caril|Cuphus|ccuphusic@howstuffworks.com|644-70-5779|640b9526-739a-4c02-b73b-cd33f799d7dc
1-City1|Pincas|Fabbro|pfabbroid@hc360.com|564-42-5638|488cc5ed-9f13-43d1-a83b-fe06277df241
1-City1|Lily|Dreakin|ldreakinie@vinaora.com|357-69-3437|c0773a92-bbb3-4f82-8d8c-67c30bf84287
1-City1|Rooney|Goodey|rgoodeyif@is.gd|802-12-6896|b3f97e57-6d6b-4847-b133-46d1d6912db3
2-City2|Austen|Rubertis|arubertisig@sourceforge.net|423-44-5898|f26dee1d-f949-45e5-bd06-f8077aad3f33
2-City2|Nan|Halbord|nhalbordih@addthis.com|306-83-3752|ff778dd0-ea15-433e-9d02-fb3d784962b3
1-City1|Godfree|De Bruijn|gdebruijnii@sfgate.com|466-35-9277|25fa051d-b95d-46ff-964f-4e848475c9ee
1-City1|Pammy|Trimme|ptrimmeij@apple.com|144-09-4278|13dba80e-219e-4b16-907d-09610e14b874
1-City1|Layton|Fritter|lfritterik@rediff.com|609-22-9897|39b77b15-87c1-4806-a70b-66735d0c525a
1-City1|Hakim|Coghill|hcoghillil@google.cn|782-66-4247|05e237ca-45ef-4429-bd9d-9fa256b674b3
1-City1|Nara|Antony|nantonyim@ifeng.com|423-12-8828|fdfcf01e-80ff-40a3-8039-e28c11453347
1-City1|Philipa|Purslow|ppurslowin@gov.uk|668-62-9147|c3cf90a0-1fec-456b-b51a-1f28d39612bf
2-City2|Colet|Schroter|cschroterio@sphinn.com|130-55-5644|21e28c64-ef17-47e2-a046-84a1fe0e2cca
2-City2|Saundra|Gratton|sgrattonip@rambler.ru|648-38-9670|fa820626-b763-4ea0-abed-02a945305aee
1-City1|Libbi|Grave|lgraveiq@wordpress.org|420-60-1135|c2686064-1097-4cdc-80d2-14e24902b295
2-City2|Fiona|Pether|fpetherir@icq.com|886-55-8729|019fd5e4-80b1-4909-81a6-5daf52b61f42
2-City2|Kathie|Lomen|klomenis@dagondesign.com|827-40-6533|e351092c-438d-4107-9818-34da85d4e306
2-City2|Isador|Lavalde|ilavaldeit@friendfeed.com|669-89-8615|7384b032-ef96-4a99-aedf-2fd7e292f239
2-City2|Dulcinea|Bulpitt|dbulpittiu@nasa.gov|605-11-2659|eff0b923-a421-460b-9a64-eca99cfeab6b
1-City1|Warren|Winstanley|wwinstanleyiv@xing.com|487-70-1706|7ea46e8d-42d8-40eb-b119-e54432028787
2-City2|Anna-diana|Lemary|alemaryiw@reverbnation.com|102-32-1492|47db38d0-7a07-4ee6-b256-27b8391b98b5
1-City1|Wilt|McCotter|wmccotterix@comcast.net|322-03-1521|8b472cfb-5651-46d6-b8b8-4cc5a3178c6a
1-City1|Cornelle|Leeman|cleemaniy@seattletimes.com|476-08-5101|19c59e2f-55d7-496c-bf95-b7b747b6e035
1-City1|Morgan|Woodgate|mwoodgateiz@friendfeed.com|326-80-3513|4b5af5ba-cd3c-4528-a3d6-2a1a192a4204
1-City1|Beulah|Langton|blangtonj0@wikipedia.org|168-76-2055|58661a65-fbaa-4d23-9555-a2d40cfedd86
2-City2|Brad|Pyffe|bpyffej1@utexas.edu|193-07-9340|491e9189-9f5c-4313-8158-0a33c05696c0
2-City2|Jennine|McBayne|jmcbaynej2@hc360.com|838-52-4581|0db72d36-8e9a-4e1d-b2e4-f58719049ec7
2-City2|Ransom|Gowthorpe|rgowthorpej3@yahoo.co.jp|789-41-0867|05af8b6f-b2f3-402e-9415-19f0e914046e
2-City2|Guglielmo|Haack|ghaackj4@auda.org.au|637-70-6025|a04eb30f-c5b3-40b8-ac98-5a3b779d4760
1-City1|Uriel|McArt|umcartj5@uol.com.br|228-09-3465|54b70a60-4c39-4eed-a63b-8795cfac27b9
2-City2|Penn|Bonicelli|pbonicellij6@biglobe.ne.jp|109-31-3653|7fde751f-8a17-4c41-a8e3-4d748cef61a9
2-City2|Gisela|MacKall|gmackallj7@newsvine.com|893-79-1031|82fee963-16ec-411d-8c4f-47c3140d5fe0
1-City1|Britta|Gurden|bgurdenj8@over-blog.com|562-15-8666|cef05a3d-874b-4887-9a02-b4cf8d31381a
1-City1|Burnard|Christley|bchristleyj9@taobao.com|742-32-9807|47d39ac4-c119-40a5-8951-ba1ee303ba7d
2-City2|Tallie|Tankard|ttankardja@ucoz.com|190-94-6933|449d8f85-750b-45a2-8234-fa1b83844ead
2-City2|Amalie|Eiler|aeilerjb@fc2.com|152-03-4845|ed097c6f-ad52-4f43-99f4-4ee320f4c61f
2-City2|Ingamar|Sedcole|isedcolejc@sfgate.com|652-86-8157|05020ee6-b957-4fac-bc16-d6b61f75146c
1-City1|Bernhard|Batie|bbatiejd@bluehost.com|277-96-1223|390db1f3-8004-4065-b94c-f0605ebef031
2-City2|Florenza|Lile|flileje@springer.com|717-28-9677|29e75f7d-c0f9-4a77-95c6-6a92b27b8ba2
2-City2|Brod|Masurel|bmasureljf@techcrunch.com|226-06-8288|f57f26dc-229a-426d-81e7-70948c26fad9
2-City2|Orsa|Riquet|oriquetjg@4shared.com|361-18-6892|785bf4f7-56c8-4252-acb4-dce6ba461c0b
2-City2|Sutherlan|Babin|sbabinjh@unc.edu|543-72-9345|c8550e90-b661-4e03-ac8b-94d3c16358bc
1-City1|Orsola|Rayworth|orayworthji@state.gov|167-76-2980|57db9ed8-e915-4bad-b3b0-5d1efc1f54fa
1-City1|Chelsy|Bracknall|cbracknalljj@taobao.com|833-58-5760|34a53df9-5be2-4425-b226-f5c1ed197747
2-City2|Phyllida|Baron|pbaronjk@moonfruit.com|795-53-2426|f04bfc58-54a6-4193-882b-8c59493333b9
2-City2|Webb|Ortiger|wortigerjl@alibaba.com|740-85-9689|8df6da92-c2e0-4c6a-9fc5-dc0426bb0e28
1-City1|Sylvia|Bovaird|sbovairdjm@toplist.cz|489-09-5649|11f73f15-cb4c-4082-8138-a00d37ca2e46
2-City2|Demetra|Dodshon|ddodshonjn@reddit.com|642-21-4444|6b552c2f-4a47-4869-bdc6-448a4fb960a0
2-City2|Eldridge|Scargill|escargilljo@uiuc.edu|257-42-8768|3f97e68e-1f33-4651-bc27-5d466bb6ef1a
2-City2|Kassey|Braid|kbraidjp@dyndns.org|453-78-9700|e889e771-a1a7-4cad-890f-3f0ecd54bdf1
1-City1|Olympie|Beaushaw|obeaushawjq@rambler.ru|623-78-2142|4c8d7c2b-0c19-40e3-9905-aa68945086f3
1-City1|Niven|Aggis|naggisjr@fotki.com|174-68-1902|399276e4-40b6-45b9-b180-2ac6e303f7cb
2-City2|Josey|Betho|jbethojs@usgs.gov|802-15-1606|b2781df2-1a10-4f9c-a39f-81d60aa05ea2
2-City2|Paige|Lansdale|plansdalejt@usgs.gov|483-69-3034|ed9f18f1-8c08-4893-b23c-0cddab7cfccf
1-City1|Rheta|Ticksall|rticksallju@illinois.edu|852-16-2827|200fc25e-b9d2-45f1-8ac3-cc20465de590
1-City1|Nollie|Joss|njossjv@symantec.com|278-11-1492|47cd14fd-5d41-4d3b-8d2c-1cd7f300317b
1-City1|Lida|Raimbauld|lraimbauldjw@furl.net|696-83-2325|f6354883-ea42-43e8-9192-fd3400258cc0
1-City1|Jody|Alfuso|jalfusojx@webeden.co.uk|222-17-3365|ff315cc8-5fd5-4e6b-8159-2b5afcd63887
1-City1|Fransisco|Lerer|flererjy@wordpress.org|331-87-2796|69fd5828-ffb7-4a45-b6ac-14f67dd22b3a
2-City2|Krissy|Cameli|kcamelijz@tamu.edu|174-98-2282|365b91c0-8808-4828-a50a-bff3d025da7d
2-City2|Gene|Willmore|gwillmorek0@unblog.fr|502-36-7527|260a1c7f-ba39-4c7c-b877-fb257468c20a
1-City1|Florrie|Redgrave|fredgravek1@ed.gov|288-73-4311|8240b148-a68f-4555-8eb1-5f1684208bfa
1-City1|Tiebout|Knowlson|tknowlsonk2@google.cn|719-77-4744|cdf325cd-10f5-4d61-8cf6-63281653c48f
2-City2|Margette|Cello|mcellok3@twitpic.com|176-20-3376|df343ae4-4562-4e0b-a9ad-c4b7792cedfc
1-City1|Elihu|Albers|ealbersk4@360.cn|312-69-6038|37c79429-346f-434e-b4f8-81ecd4be5443
2-City2|Darline|Tossell|dtossellk5@dyndns.org|319-23-9105|8505a96e-2df4-4d33-aab2-f2d8d3c87802
2-City2|Rahal|Fewster|rfewsterk6@meetup.com|343-73-2376|b6c61a52-f9db-4cfc-b5b1-5ef7df069e15
1-City1|Kendricks|Boig|kboigk7@nsw.gov.au|852-25-1984|26560e26-d81c-4e0d-87ff-4a8adc4267ec
2-City2|Hogan|Wise|hwisek8@live.com|125-96-2575|619abb5c-8434-47e7-a355-90777f45945f
1-City1|Brew|Lube|blubek9@privacy.gov.au|174-04-6566|c949784e-b62b-449b-8aff-aa7942a77685
1-City1|Inger|Abbay|iabbayka@jigsy.com|690-20-6193|81e15336-7569-45fe-8d10-0e5a3612ad5b
2-City2|Sherm|Golston|sgolstonkb@google.es|747-71-5335|8e6f8c64-d1da-4f03-9311-33f2e1f3775c
1-City1|Selby|Janowski|sjanowskikc@addtoany.com|479-78-1678|3e262395-db7c-4397-abd0-3be15a036f92
2-City2|Loise|Cregin|lcreginkd@jugem.jp|881-47-8445|599c776f-5e1c-4dd7-b8f4-1541fd68b537
1-City1|Heinrik|Botfield|hbotfieldke@list-manage.com|483-15-2615|9685aecf-1fd3-4e1c-b7db-86db2abc716e
2-City2|Eva|Andrelli|eandrellikf@photobucket.com|482-33-7025|16eaa5d3-01fe-4958-ad62-c7ea580838a9
2-City2|Devora|Siebert|dsiebertkg@shareasale.com|639-01-6600|7068a31e-31ba-471e-9432-5f1abf95f23d
2-City2|Emanuel|Hallgate|ehallgatekh@prweb.com|685-78-6999|e706917e-7f0b-4609-b8cb-3ef9091561f2
1-City1|Temp|Purtell|tpurtellki@123-reg.co.uk|348-71-2441|ba52ac80-4064-43b3-a08a-e11952728ffb
1-City1|Robbert|Longina|rlonginakj@amazonaws.com|684-76-2584|3476ed56-ce67-476a-bd5e-23fc2b72db32
2-City2|Orson|Gurr|ogurrkk@uiuc.edu|566-72-2738|169d0cde-0f69-49d7-b550-fec5ca78a235
1-City1|Gregory|Bulfit|gbulfitkl@altervista.org|239-35-9157|67c2344b-3fee-4295-b3d1-abd8185a7de1
1-City1|Annaliese|Stuck|astuckkm@51.la|139-87-5028|ea6576e1-1959-43f0-b6d6-eb42a3320fb4
1-City1|Mattheus|Lafflin|mlafflinkn@delicious.com|881-83-8632|4104ad92-9a87-4b23-bea7-1fcbdcffc735
2-City2|Jill|Perham|jperhamko@posterous.com|711-93-2846|a4c3a9c4-f684-4aa3-94dd-4f1044dfd5bb
2-City2|Bale|Weatherburn|bweatherburnkp@nsw.gov.au|305-56-1971|51f789b1-45c7-4fba-bd84-093539fd40f9
2-City2|Dionne|O'Lagen|dolagenkq@thetimes.co.uk|552-71-2883|0020b783-f1a7-49d9-82a9-f69a332a059e
1-City1|Stevy|Tindley|stindleykr@earthlink.net|176-71-4511|3c3e9e5c-cb55-459c-b11f-9696a9c94d0e
2-City2|Gianna|Lydiatt|glydiattks@techcrunch.com|154-99-5543|476f3425-25eb-4db3-907d-4098b380a1fc
1-City1|Anetta|Lynde|alyndekt@mail.ru|277-65-6791|8910fb90-4ded-4016-ae60-fedd0441c74f
1-City1|Hildegarde|Favey|hfaveyku@netscape.com|231-74-9736|ff5d0dd6-e6cd-4a0d-8e50-4c3c473e25cf
2-City2|Malinda|Beckworth|mbeckworthkv@wikispaces.com|843-65-1939|bd8f41e8-f140-4312-bb18-a041ebed3055
2-City2|Elnore|Bard|ebardkw@phpbb.com|711-41-9291|87f408f1-5ffc-4ba5-aa9b-fe1b664c8c28
1-City1|Hilary|Kleinsinger|hkleinsingerkx@fema.gov|444-27-5936|99bff378-9410-493e-8de5-21b9b5fe9535
2-City2|Nollie|Beakes|nbeakesky@vk.com|169-49-5620|ae749f08-b001-40d5-a539-ef14a2b7e74d
1-City1|Dannel|Chmarny|dchmarnykz@hugedomains.com|275-13-5122|9e83c664-cd88-4be2-afd8-596476b33851
1-City1|Gabe|Testin|gtestinl0@godaddy.com|309-23-8312|7ea28397-0113-48b5-afdd-97e05f8ed20c
2-City2|Letizia|Broschek|lbroschekl1@yahoo.com|369-19-8685|85dd8a98-f597-40d8-8e57-0afa041a54fc
1-City1|Ivan|Gardner|igardnerl2@vimeo.com|871-28-1807|963999e9-5abf-4ef1-86c1-80c57bba8e6e
2-City2|Carissa|Riddich|criddichl3@dropbox.com|588-82-0517|e7e3e404-720d-40d7-b9a3-7082c72bce77
1-City1|Raoul|Hatwell|rhatwelll4@photobucket.com|357-94-1655|f9033b1e-0d91-4dc1-9e97-3e1ba74f0dd9
2-City2|Tootsie|Patria|tpatrial5@godaddy.com|639-35-9212|a432a010-d562-4fbb-82cd-ac61de5ed5cc
1-City1|Gabriella|Morriss|gmorrissl6@prweb.com|737-43-9519|1772614a-f00e-4bab-a1d6-fa382a7e76f0
1-City1|Lonnard|Kincaid|lkincaidl7@wikipedia.org|599-12-1301|4b873984-f30b-43d4-b820-7804f33f424a
1-City1|Tracey|Searston|tsearstonl8@cafepress.com|367-86-8436|0065398f-b247-44bb-8098-de98ce74b98e
2-City2|Cherilynn|Doers|cdoersl9@zdnet.com|452-35-0455|c4098695-3c64-4d5f-9256-f9d483766bd2
2-City2|Natasha|Robathon|nrobathonla@intel.com|183-36-5693|c21dbdff-7304-4365-a742-8f4e5906b942
1-City1|Dani|Kirkam|dkirkamlb@homestead.com|291-55-9870|ec46a8b7-9826-4d96-bfe7-f6154ea41a00
2-City2|Ninon|McIsaac|nmcisaaclc@squarespace.com|537-86-7130|49c5ed86-5a33-4b61-8412-049c40917bc2
2-City2|Ludwig|Van den Dael|lvandendaelld@a8.net|622-63-8056|078d00b2-9641-4e08-ab20-03d05bded2ab
2-City2|Travis|Gamon|tgamonle@ow.ly|676-15-6874|8ba9e705-2852-4a21-9dca-3ae7935abdf1
2-City2|Toma|Matfield|tmatfieldlf@discuz.net|761-88-3578|8a5467f5-30c9-42b5-9dd0-e26a5e2e84bf
1-City1|Marlene|McEneny|mmcenenylg@ed.gov|416-06-7657|57e11cef-d7d5-45b5-9ae3-b77e34256f83
1-City1|Jolyn|Radnage|jradnagelh@blogspot.com|882-10-7821|32c30b59-19aa-4bcb-937b-2be8631ce31c
2-City2|Germana|Staig|gstaigli@sourceforge.net|371-30-1041|88e8de0c-758a-491d-8cef-f3a15bdb0f38
2-City2|Ame|Brockley|abrockleylj@pen.io|896-31-5711|7421ae9d-2a2d-4a3f-a314-52b3055f84d3
1-City1|Tracey|Dugdale|tdugdalelk@miibeian.gov.cn|597-51-2065|f905018e-35fa-4acf-86a6-d357210fe325
1-City1|Karlee|Hillan|khillanll@sciencedirect.com|747-35-8642|96623f75-d92b-4909-bc6f-ae467cf67f61
1-City1|Nessie|Jobbings|njobbingslm@fastcompany.com|839-37-7466|8fd1f942-23c2-433e-85d9-f602e4f91253
1-City1|Ferdinanda|Redfern|fredfernln@dagondesign.com|764-84-2961|87b55030-57de-411b-98db-9e41d5f1f717
2-City2|Kinna|Barz|kbarzlo@opera.com|337-36-0377|86ee4790-2e8b-423e-ba56-0729b2172fbc
2-City2|Aguste|Bachs|abachslp@cmu.edu|130-34-4108|ced53c10-63bc-4b7b-90aa-8f0ebb398ea5
2-City2|Lyn|Juggins|ljugginslq@tinyurl.com|851-52-2054|eb86cf2b-e4de-4e81-b1f6-1beaba46f6be
2-City2|Wheeler|Maier|wmaierlr@japanpost.jp|775-77-2527|c759632e-9d47-41ea-bc09-95b6440d0c7d
1-City1|Nadeen|Broomer|nbroomerls@rambler.ru|895-45-5648|f5c061d7-d805-44e0-90db-0fa03057fb8d
1-City1|Angele|Reubel|areubellt@china.com.cn|584-26-7874|5e0107bb-b29a-493b-8485-69cd11501c8e
2-City2|Archibaldo|Sallings|asallingslu@biblegateway.com|156-71-2888|b11f24eb-0588-42bf-8fd8-fb26d699894b
2-City2|Daniel|Raoult|draoultlv@newyorker.com|292-14-4289|c9b0e523-65cd-4984-8634-f66902441c14
1-City1|Antony|Peidro|apeidrolw@bloglines.com|768-77-8956|0da552ed-a06e-40c3-8f4c-812194366c60
1-City1|Gwenora|Corbitt|gcorbittlx@multiply.com|438-22-1938|2515f9e5-522b-41cd-8eee-49b246f57702
1-City1|Wiley|Kirby|wkirbyly@webmd.com|811-44-0064|9d38c1bd-c6a9-4daa-a003-aa270259a727
2-City2|Dodi|Matchell|dmatchelllz@yahoo.com|248-45-5530|1054954e-7616-412a-9277-bae3279b03fc
1-City1|Penny|MacInherney|pmacinherneym0@seesaa.net|110-53-3713|d2fc7581-e999-4e2f-b914-fe45af002b21
2-City2|Caren|Allardyce|callardycem1@webmd.com|512-70-5688|b95d702f-7d3f-452a-a0da-11eccad5ae7d
2-City2|Vassily|Dany|vdanym2@springer.com|532-83-3174|2ca969bc-6d14-4f14-8146-314d2ed03557
1-City1|Lida|Bringloe|lbringloem3@purevolume.com|189-23-7009|aad43938-445a-4479-a2c5-4f179bc7cb2b
1-City1|Rozamond|Lazonby|rlazonbym4@slashdot.org|292-83-9963|a6612d23-97c7-4ef3-bbe9-c6e6374b5d92
1-City1|Cris|Collinge|ccollingem5@ftc.gov|110-28-6908|4aa5f751-192b-4166-8c10-1f67caa87d9d
1-City1|Kathleen|Wenman|kwenmanm6@dagondesign.com|412-53-8765|80698ea1-82fa-49f6-b501-714e3b9ff4e2
2-City2|Ardyce|Fillingham|afillinghamm7@salon.com|685-48-2706|dd5679bc-a34f-4041-8e23-1fd67ab8dc3a
2-City2|Marta|Lumox|mlumoxm8@yellowpages.com|873-75-9015|3b9597a6-e0eb-441a-9701-d4dae0e688c6
2-City2|Conway|Reboul|creboulm9@dmoz.org|505-61-2064|8724f0be-5f58-4e0f-9581-6332d912afbc
1-City1|Lari|Beverage|lbeveragema@cyberchimps.com|301-68-3563|6a93af6e-a4c5-4c1d-b8ce-3b75c74ac32f
1-City1|Ephrayim|Dudley|edudleymb@noaa.gov|258-09-7623|2dd1a2b9-46c1-461f-bd37-8772b021b39c
2-City2|Dody|Bygraves|dbygravesmc@themeforest.net|698-38-9457|e6537c38-43ba-4af0-930b-d9e51a8b00b1
2-City2|Brittne|Avramovsky|bavramovskymd@ca.gov|780-91-6113|d2812bbd-e5e4-4087-ae34-4ad7b9eefbb7
2-City2|Nils|Billington|nbillingtonme@posterous.com|274-98-5636|ac2fa54b-4e1f-4777-8078-478195526dad
2-City2|Jarrad|Iddens|jiddensmf@upenn.edu|186-86-8410|ebd59c94-284c-4f93-bc3a-ab486a25e241
1-City1|Paddie|Issacof|pissacofmg@biblegateway.com|631-89-1622|dd654bc0-0e6b-4600-805c-0e5170874686
1-City1|Reinold|Forseith|rforseithmh@microsoft.com|898-11-6530|ab638ee7-d88c-4437-811b-396b5892487f
1-City1|Elaina|Awin|eawinmi@dagondesign.com|107-18-7010|5cfbc590-fdbd-41c8-b5a0-babc03341c87
1-City1|Harwell|Kershow|hkershowmj@epa.gov|445-40-6245|d44e30dc-3928-4826-b579-aec69d3c498e
1-City1|Aldin|Couling|acoulingmk@rambler.ru|344-40-8456|60198686-05f2-40e1-ba03-e19d40ef7c14
2-City2|Doroteya|Gould|dgouldml@bing.com|313-27-9944|cd79e6db-8dbb-4f0a-a4c0-8f60874e575f
1-City1|Cindie|Flode|cflodemm@tiny.cc|690-52-6292|b738ae82-f6ab-4f23-aa16-253481a69e1b
2-City2|Ced|Toolin|ctoolinmn@chronoengine.com|481-61-9070|232deba5-b5db-48d2-954f-f90b3ead4aaa
2-City2|Ham|Giraldon|hgiraldonmo@independent.co.uk|622-09-7080|f5217f82-4a70-4652-808c-d26076fbee3f
2-City2|Rayshell|Cleynaert|rcleynaertmp@house.gov|713-53-7682|81d6fa97-da6e-4184-8081-9e4371698c85
2-City2|Marie-jeanne|Kender|mkendermq@europa.eu|862-47-0030|84704766-32ae-48b1-a44d-69f1d0a808fd
1-City1|Ailsun|Sherratt|asherrattmr@woothemes.com|645-99-3562|63f93590-9b6e-4f7c-b75a-875be669d8cf
2-City2|Rock|Smallbone|rsmallbonems@vk.com|801-48-8205|3bdd3238-c629-4218-8708-997c9a621538
2-City2|Bink|Prin|bprinmt@imdb.com|832-43-4627|24aa6182-778a-4bc4-83ff-88918dc389e8
1-City1|Eva|Poker|epokermu@stanford.edu|733-32-6094|8c8ded8b-a9a3-4b25-b9e7-34a735c72b7a
1-City1|Loretta|Rivallant|lrivallantmv@wufoo.com|303-06-0343|f7a9423f-03ef-4ce2-b513-f5037e6d42b3
2-City2|Juan|Mighele|jmighelemw@zdnet.com|384-50-2300|a332d950-e644-4c1d-88c8-63d803235383
1-City1|Randi|Johananoff|rjohananoffmx@hexun.com|691-64-3165|875b9ae5-5553-49b3-b288-5bd37e646aa8
1-City1|Moselle|Serris|mserrismy@ucoz.com|624-68-3883|186a31cd-0e82-4b08-8ccf-d3e34ef6c694
1-City1|Gisella|Molan|gmolanmz@globo.com|678-45-6558|e4ff866f-fe7f-4e30-bb1c-343fec7a6d22
1-City1|Elena|Fargie|efargien0@noaa.gov|250-99-8517|eab078ab-2522-490c-8f7b-bf4ad54b2764
2-City2|Danni|Sinyard|dsinyardn1@stanford.edu|137-83-6017|0870f331-a4db-4ac3-817b-649455e323ff
1-City1|Anne-corinne|Bachnic|abachnicn2@moonfruit.com|815-84-2365|a0c64898-050a-483e-b788-4c0569c1a9f1
1-City1|Jacinta|Scotter|jscottern3@statcounter.com|361-83-4331|b8bad6dc-d1d1-4617-9ee8-030473334025
1-City1|Andris|Honig|ahonign4@loc.gov|269-72-4932|07f44ddc-b53e-44eb-8378-f4eac054433a
2-City2|Hermine|Totton|htottonn5@ibm.com|616-75-7902|62b7bf74-9f5f-4d23-b61c-0ff30bae79e7
1-City1|Fleming|Bomb|fbombn6@ft.com|299-24-3041|6af9872f-e5b3-4b3f-afc9-1e4b06122311
1-City1|Alford|Orridge|aorridgen7@wix.com|841-59-3602|64c9c0a5-739a-4d0c-abcf-077ea2609728
1-City1|Ellary|Danzelman|edanzelmann8@diigo.com|492-67-3472|0d9aba90-1cb4-4cc4-bc6b-278508e6b5e5
2-City2|Mareah|Gowanlock|mgowanlockn9@4shared.com|130-79-9708|c0258fab-610a-40d2-9cbb-86426011e6ee
1-City1|Howey|McConaghy|hmcconaghyna@yahoo.co.jp|671-02-4907|ff601b18-b2ec-4ba6-a972-4667c02afcc6
2-City2|Thadeus|Smolan|tsmolannb@npr.org|693-31-2659|aba46356-26d9-472e-9631-71b484f1baaf
1-City1|Davida|Oller|dollernc@ovh.net|494-68-7869|67628013-a0fd-44ca-9d20-00e837f32b26
1-City1|Mace|Ewin|mewinnd@dagondesign.com|698-94-0547|be54e066-966b-4345-86e3-6d5e8cc5fce0
1-City1|Brendis|Davidde|bdaviddene@elegantthemes.com|617-70-7755|97ee75b3-e542-463d-8442-2daa30a19e4b
2-City2|Trevor|Keningham|tkeninghamnf@gov.uk|670-86-0867|dd8bfd8a-dfa7-40a0-b090-08c3dd5920fc
2-City2|Maisie|Sivess|msivessng@sbwire.com|695-79-4915|62931f73-9b3c-4eda-afee-f42306092f9f
2-City2|Tamera|Lawrie|tlawrienh@cloudflare.com|311-56-1333|73ab4905-0356-4229-9485-3f1d1eca296d
2-City2|Sibyl|Bendley|sbendleyni@fc2.com|473-96-3901|6e9e0abf-3a0f-4d3e-91ec-a99c6a7e6867
2-City2|Rosalie|Illwell|rillwellnj@lulu.com|879-99-2118|9cfe86b0-1ad2-4415-9b36-131c22cdd736
1-City1|Krystyna|Bleakman|kbleakmannk@disqus.com|445-52-6858|bc9aae87-f8d6-45a6-9b9a-f08758669a07
1-City1|Sheilakathryn|Ollive|sollivenl@whitehouse.gov|493-34-7369|93d66d13-32e8-4eb5-bd19-6e69c9cf4980
1-City1|Adi|Glackin|aglackinnm@businesswire.com|470-96-2259|5974550d-d8af-4898-a4ee-40cacff69761
1-City1|Marti|Cockshot|mcockshotnn@stumbleupon.com|215-34-4878|adf61004-83dd-4532-a4fc-89b887013776
2-City2|Inna|Buckam|ibuckamno@bandcamp.com|322-12-1865|5f50f696-c089-4704-ba6d-502d1715c7e0
2-City2|Kirstin|Allpress|kallpressnp@opensource.org|233-78-0258|a0eb54a2-ba5f-447e-84ae-cb7decd22206
2-City2|Lissy|Eads|leadsnq@yandex.ru|295-15-2867|9659e746-3f43-4eb8-b351-92ac859ca87f
1-City1|Isabel|Korb|ikorbnr@icq.com|435-85-1753|e2659978-ff08-4a54-8ed7-94972a01f6d6
1-City1|Lowe|MacKonochie|lmackonochiens@nbcnews.com|771-21-3813|d5da737e-9c91-425a-9f57-d604e82a6c8b
2-City2|Ramona|Lindholm|rlindholmnt@dot.gov|788-30-5576|85085e7a-657d-4bf4-b2c1-d53f1b829723
1-City1|Kaine|Binham|kbinhamnu@taobao.com|441-83-5524|ed372b6b-1e04-43be-b1fb-b2a93f12a711
2-City2|Corette|Yuryev|cyuryevnv@google.ru|254-52-5500|426c1bbf-3d0f-469d-ba71-778d2e277bdf
1-City1|Jessalin|Buckel|jbuckelnw@ucsd.edu|128-88-8330|d3fdc657-6db5-426b-bd2d-13ffa323e765
1-City1|Lesly|Beton|lbetonnx@bbb.org|681-90-7405|1cd819f8-24fc-42b9-941f-dc3133714002
2-City2|Dilly|O'Hogertie|dohogertieny@dagondesign.com|575-54-5645|e7b2a7d2-28a5-4c1d-b373-95f460e699a3
2-City2|Vern|Prando|vprandonz@aboutads.info|111-48-6853|9dad675f-d501-420d-bee1-3f0fc135ed28
2-City2|Koressa|Stallworthy|kstallworthyo0@etsy.com|292-29-4264|3c8efba0-3527-4a78-9030-048d60858a10
2-City2|Malia|Viger|mvigero1@abc.net.au|105-42-6486|f92cffa3-bed2-4863-9f3a-b58c4f040d8f
1-City1|Gillan|Oliva|golivao2@homestead.com|673-54-5660|aea9a6c2-8eea-40c3-b007-c065cda63570
2-City2|Antonetta|Barnewelle|abarnewelleo3@npr.org|520-37-1473|01ce4838-8fad-4225-ae95-01083020499f
1-City1|Abeu|Thow|athowo4@reference.com|451-18-5500|c95424ba-ac54-4d8d-a7b2-695e90a3972f
2-City2|Claybourne|Longthorne|clongthorneo5@rediff.com|521-87-6089|31b7818d-b89b-4b81-8ba4-1284e9c0e8f2
2-City2|Dermot|MacMenamy|dmacmenamyo6@biglobe.ne.jp|234-73-4790|c7f63fa0-d5c1-4fca-98c4-63cc7d122753
2-City2|Papagena|Leithgoe|pleithgoeo7@123-reg.co.uk|686-31-7707|6eee0bd8-d4b5-4147-bce8-a1649749f619
1-City1|Iggy|Judkins|ijudkinso8@bluehost.com|550-40-7917|e74a8f09-c84a-40c0-9dcd-be9c2db96e97
2-City2|Mendel|Favelle|mfavelleo9@indiegogo.com|381-68-4025|38ef2137-1a3b-44d1-be62-660af1da86a7
1-City1|Kathlin|Lambal|klambaloa@nytimes.com|263-13-3332|5083cd0e-296a-478f-b2bf-842ab211a9d5
1-City1|Karina|Scotland|kscotlandob@gmpg.org|198-47-9643|5f8d1333-ace2-4271-aed3-226fa8f591ed
2-City2|Sonny|Skough|sskoughoc@indiegogo.com|896-56-5766|566b7882-480f-4a1a-9238-25c54dccc6ad
2-City2|Bradney|Ackery|backeryod@yolasite.com|389-72-3810|4cb93dd5-35e2-4208-adbc-fe69e3035299
1-City1|Nata|Reignolds|nreignoldsoe@indiegogo.com|107-53-9511|938f65b7-414c-494e-8bf7-9850abd4355f
2-City2|Elladine|Filyaev|efilyaevof@paginegialle.it|127-72-1256|2c34284d-da60-454a-b5db-3189739a8988
2-City2|Ursola|Chandler|uchandlerog@miibeian.gov.cn|745-03-2694|28c9e671-1207-43c8-a394-e4589c0468c0
2-City2|Giustina|Freegard|gfreegardoh@msn.com|334-79-5001|151e9d3e-a55e-4f87-a61a-bd4c8628d483
1-City1|Adriano|Cattlemull|acattlemulloi@studiopress.com|624-62-7454|0ec50845-0ef5-4226-8871-3895b90f16f3
2-City2|Laurel|Ganniclifft|lganniclifftoj@earthlink.net|206-87-9074|c14f4250-0e8f-4a67-8a66-691d75a6db39
2-City2|Birk|Sadd|bsaddok@symantec.com|875-67-9917|3e15e176-124f-43f3-be78-eccee0a461e8
1-City1|Lavinia|Orrick|lorrickol@epa.gov|857-25-6196|62b7cce7-2690-4774-afe8-90bc1335438e
2-City2|Orland|Haskins|ohaskinsom@nhs.uk|832-99-3325|caa0aca7-6540-49f7-a33a-0754725c625f
1-City1|Lenci|Houlridge|lhoulridgeon@weather.com|400-39-9221|681a949e-20be-471c-8019-516ab581b00c
1-City1|Catina|Starte|cstarteoo@aboutads.info|555-58-8131|c4c96c61-016a-488e-bb58-780656b61215
1-City1|Ardisj|Eggar|aeggarop@umn.edu|373-26-3005|dd10537a-aae2-42b8-985c-96b8505cb039
1-City1|Crosby|Stert|cstertoq@forbes.com|420-97-6276|0a73db65-4d54-4622-8de2-6f603ab293e3
2-City2|Kelbee|Pepineaux|kpepineauxor@discovery.com|432-74-3425|bd695ff0-59ce-4f07-ba15-dbf0d61efa24
1-City1|Emlyn|Tantrum|etantrumos@cbc.ca|582-21-2701|42de3a56-51e0-4ed1-82ec-e1a8db057484
2-City2|Eleen|Towell|etowellot@quantcast.com|872-38-1674|da6c2162-0b41-4316-af4f-9c932d869633
2-City2|Venita|Wadham|vwadhamou@ask.com|478-47-2897|a18c98ca-8186-4e13-bf65-0258b37f77b2
1-City1|Lonnie|Francescuccio|lfrancescuccioov@pcworld.com|398-49-0800|652a3b47-27b5-4955-985a-74bb275cd311
1-City1|Nathalia|Oldcroft|noldcroftow@last.fm|889-04-6546|ac34b12d-ebfd-413e-acd3-97d091f9d3a2
1-City1|Sherm|Lathom|slathomox@nytimes.com|347-99-7751|18f864bb-ae1e-4bb6-8acd-0ba8d3724499
2-City2|Sven|Siveter|ssiveteroy@deliciousdays.com|103-17-7266|b0be859c-55a9-4ce5-8e0f-e073e61e63ba
2-City2|Ray|Arlidge|rarlidgeoz@sohu.com|495-13-1026|43185464-081a-43c4-904c-5a9f3a540aa6
2-City2|Ninetta|Twelves|ntwelvesp0@tripod.com|884-27-5205|f64a7347-593a-4bd7-bd93-00f81d05ea75
2-City2|Glynis|Grishkov|ggrishkovp1@nationalgeographic.com|656-80-7229|b6cbbf7c-d22a-4bda-9582-0f4b47fb37fc
1-City1|Freeland|Hynson|fhynsonp2@spiegel.de|893-61-2691|e9146ea0-4886-4c54-a3b7-fbc86c61a2b5
2-City2|Bridget|Everett|beverettp3@weather.com|434-85-8754|7b73753c-04fd-4ccb-ac50-4a59bbb3ddab
2-City2|Thebault|Hunnaball|thunnaballp4@cnn.com|850-78-9277|41e49e9e-4049-4aae-93b6-8bc6160e5804
1-City1|Christiano|Tramel|ctramelp5@bbc.co.uk|500-72-2151|60d8db13-9f1b-4c1f-b45f-9002c352b641
1-City1|Ailene|Dury|aduryp6@discovery.com|627-22-5080|645f7990-34f9-412b-81fb-5e5395650c8e
1-City1|Stewart|Toler|stolerp7@prnewswire.com|451-14-3392|dff48ea9-33d2-499c-87f6-5585a4ff196b
2-City2|Bendick|Frick|bfrickp8@cdc.gov|785-21-5824|5a59500d-0f98-452a-839d-28a8c7f16746
2-City2|Lexis|Coche|lcochep9@a8.net|884-99-7342|43a7b8f2-7d26-424d-a781-e9538360ea02
2-City2|Frasier|Phalip|fphalippa@liveinternet.ru|642-49-7964|24049902-7007-420b-8389-a422f298504b
2-City2|Ethel|Collick|ecollickpb@miitbeian.gov.cn|836-27-1203|58525e0c-6a01-4af6-b21f-cbf5a093fc13
2-City2|Dunstan|Macenzy|dmacenzypc@vistaprint.com|620-25-1936|729c7b9c-fb2b-47e1-a482-59c9f05bfa3f
2-City2|Julina|Le Quesne|jlequesnepd@dyndns.org|113-77-9099|1bc3c76d-a82c-4a19-99f6-74ccbc1ed12f
2-City2|Lib|Hatchard|lhatchardpe@shareasale.com|433-31-9107|3baadd07-50aa-4507-805e-5f506862bf7b
2-City2|Glynnis|Greensitt|ggreensittpf@is.gd|297-65-7781|067a2b6f-cef8-4fe5-ac03-8b553ed737d1
2-City2|Catharina|Meneer|cmeneerpg@domainmarket.com|871-48-1703|237b421c-15b1-4070-b297-832ab65c6ce6
2-City2|Demetri|Grayston|dgraystonph@bluehost.com|395-49-7131|4426a37f-cb9e-4044-9b0e-3f825a598d58
1-City1|Susi|Bortolini|sbortolinipi@hhs.gov|629-49-1639|d449655b-e1db-47e8-93e3-12fd3a84de6a
2-City2|Raleigh|Dranfield|rdranfieldpj@huffingtonpost.com|571-97-3264|253a932b-a2d8-4ddc-8dfb-a8c05d3c7bfe
2-City2|Les|Robatham|lrobathampk@marriott.com|162-33-9260|22facf24-980e-4a77-8a2a-788fb30ae4fd
1-City1|Stephanus|Champkins|schampkinspl@nhs.uk|285-77-1404|2ef23541-7237-4391-8974-18f5fa508a3c
1-City1|Burnaby|Letchmore|bletchmorepm@furl.net|225-65-8179|7112aa53-ea7a-467d-b721-1c4cc4eabd2b
1-City1|Juliette|Pawling|jpawlingpn@geocities.jp|620-64-7036|0911a9c7-5c1e-454a-955e-0e26980c8299
1-City1|Carita|Ibbott|cibbottpo@npr.org|724-31-7525|ce00a752-165c-46dc-9aea-db29b6a57c69
2-City2|Eugenius|Matchett|ematchettpp@illinois.edu|866-70-5942|19ab6f83-6b7c-49db-89f1-3db641d94006
1-City1|Ebony|Bertin|ebertinpq@tinyurl.com|200-37-6416|74a4e0ae-b358-439c-9f5b-7660f2da1f78
2-City2|Molli|Gonthier|mgonthierpr@cam.ac.uk|588-42-1595|ef8d4e1b-1a0c-42ef-9843-4c57f4996a5c
1-City1|Erica|Tugwell|etugwellps@latimes.com|301-88-0032|e312dc9f-cc68-4d20-99c0-5db05c911b29
2-City2|Goldia|Hanscomb|ghanscombpt@nyu.edu|520-56-5683|b493a8ce-bad4-47fc-8bcc-e749049fcffd
2-City2|Jade|Spatari|jspataripu@mediafire.com|580-79-2672|d2e3c351-7740-4fc5-9eab-8e3b999a9bcd
2-City2|Davine|Delnevo|ddelnevopv@bbc.co.uk|208-38-6868|04f90186-5759-44b7-b8ec-0832fff5f028
1-City1|Faith|Caughey|fcaugheypw@ebay.com|426-80-4181|a5e080e3-05b1-4a22-ba76-d5117c721c7b
1-City1|Sadye|Crigin|scriginpx@reuters.com|668-03-1370|b03835e6-c748-4c03-b1d0-ea42fbe2932b
1-City1|Gwynne|Litherland|glitherlandpy@army.mil|217-43-6132|d2887151-088a-44ed-8190-bf56f9bf3c3f
2-City2|Constantia|Ondrak|condrakpz@sbwire.com|555-26-6464|6e5ac1bd-9a92-40d6-a597-c2b02949a175
1-City1|Darryl|Gostridge|dgostridgeq0@plala.or.jp|795-12-2723|0feb74c9-d14b-4846-a193-a11addd0c014
2-City2|Missie|Gyorgy|mgyorgyq1@pcworld.com|778-74-8238|46843a22-49fe-4c2c-92dd-0e01bd84f9c8
2-City2|Lina|Gadsdon|lgadsdonq2@ask.com|802-66-4848|e600de78-86d6-4c24-8c8f-bb277a49255c
1-City1|Erminie|Fuller|efullerq3@paypal.com|504-38-8891|1ec7a719-042a-4577-8a0b-893e6965cb49
2-City2|Artemas|Sporle|asporleq4@slideshare.net|294-98-1925|50e118a6-eed9-4693-b2e8-1076a4153984
2-City2|Kanya|Pabelik|kpabelikq5@hexun.com|590-84-1716|b6e343ed-d9e5-42d2-8fe2-aef0c5f753a5
1-City1|Mohandis|Cumberbatch|mcumberbatchq6@weebly.com|565-92-2322|f93d8d95-1823-480e-afb9-4a62f9ce3528
1-City1|Raychel|Bromehed|rbromehedq7@nhs.uk|232-28-4912|b0922c1b-b650-46f8-b688-4d42a8b6b3e6
1-City1|Lisabeth|Comelli|lcomelliq8@quantcast.com|329-05-0532|2ec338af-8a23-4429-9615-b1ac4c5c4df4
1-City1|Rebeka|Roistone|rroistoneq9@fc2.com|148-05-0758|4775a371-3b75-40d3-b5b9-63f7e842d01f
1-City1|Marlo|Smallpiece|msmallpieceqa@unc.edu|663-25-9013|cec18440-3519-4626-850c-f8be8b133bb4
2-City2|Veronika|Bury|vburyqb@google.de|579-20-3283|ff50ff5f-517c-4677-bcec-d91dafe1b211
1-City1|Madelena|Giacomini|mgiacominiqc@csmonitor.com|812-51-8637|d6705210-3d07-4eee-b345-f665262b44ee
1-City1|Calla|Scotchmoor|cscotchmoorqd@scribd.com|185-47-0717|6ca882d7-0efa-4dd6-9317-e0cdb140ad9b
2-City2|Donall|Brunning|dbrunningqe@msn.com|829-20-8941|8bef3d9e-f4e7-4d91-b487-79c70270c9f3
1-City1|Corella|Wheatman|cwheatmanqf@vistaprint.com|348-92-7276|8a8607b9-5507-4c84-aeb5-2da340880751
2-City2|Nollie|Hillhouse|nhillhouseqg@yahoo.com|612-87-3996|594bd64a-9acb-46fa-bb70-7c1735cd359e
2-City2|Pierce|Milthorpe|pmilthorpeqh@usa.gov|318-94-5788|4e9256d7-8114-4746-9906-863f11e90f47
2-City2|Germain|Mulliss|gmullissqi@qq.com|748-62-6049|6483c6e8-4464-4a39-8183-4cefe5859303
2-City2|Harv|Corless|hcorlessqj@jiathis.com|247-22-9787|2b12723a-00c2-4a18-9a90-4219b76b3bb2
2-City2|Celesta|Castellanos|ccastellanosqk@google.com.hk|887-75-7798|739863c9-327b-4ea2-92ed-3a5db0460219
2-City2|Nolly|Polgreen|npolgreenql@hubpages.com|831-82-3568|1725fc5f-d2df-4d93-a008-f2cc5e8ea203
2-City2|Annmarie|Piken|apikenqm@statcounter.com|593-64-9873|568923f5-227f-4453-b193-d937a377c13b
1-City1|Karoline|Vanyashkin|kvanyashkinqn@devhub.com|637-11-0122|459067b8-64f7-4294-9590-fcbe8c69aa71
1-City1|Lucretia|Hodge|lhodgeqo@hugedomains.com|668-20-0077|15f2384a-f988-4227-836e-74e58af54c71
1-City1|Astrid|Natalie|anatalieqp@tinypic.com|575-03-0980|c2a55337-72e9-4548-8d97-b25b36299263
1-City1|Kristopher|Sexti|ksextiqq@merriam-webster.com|780-72-7942|ddc22316-2d32-4110-9f26-28cc6594578e
1-City1|Jaimie|Jaimez|jjaimezqr@hexun.com|724-18-0813|738653d4-15ff-4ea3-b13f-ec901456e3cb
1-City1|Roxanne|Andrejs|randrejsqs@sitemeter.com|251-84-0599|389e2b5b-a9fd-47df-8cbc-c633553eb757
1-City1|Mathilda|Wybron|mwybronqt@weather.com|130-16-4222|d6ea55d3-7ddb-4f6c-9e49-ad78d421a878
2-City2|Xylia|Woolard|xwoolardqu@wufoo.com|299-98-5084|453320e5-b5f2-409e-a721-c0ba00934817
1-City1|Elene|Tefft|etefftqv@netlog.com|306-07-6584|4f8f7df7-2831-434f-86ba-7d1886484098
2-City2|Sondra|Merrick|smerrickqw@auda.org.au|301-27-9684|2fee98df-f527-44ac-86ed-b0613663e039
1-City1|Aldrich|Alleyn|aalleynqx@omniture.com|392-53-5109|07f1e38d-fa03-4382-8e3a-482ae9d0581a
1-City1|Kipper|Goodwyn|kgoodwynqy@list-manage.com|883-32-4088|ba2cdf18-7700-4229-bfb0-004675f549d2
1-City1|Edsel|Tittletross|etittletrossqz@kickstarter.com|408-21-3959|c09b5a3b-541f-4415-9844-58c0b2ca8652
2-City2|Nola|Drews|ndrewsr0@hud.gov|791-21-5183|b870e545-8990-4099-b44f-048d37bad086
2-City2|Roddy|Gossage|rgossager1@hao123.com|700-02-8757|a4f8b30e-5218-4dab-b950-d8a0652a6bfc
1-City1|Sharon|Shawel|sshawelr2@jalbum.net|160-42-2949|2fb3b6ad-dcc8-4a53-994d-8381e25c4b2b
2-City2|Hersch|Jewitt|hjewittr3@nifty.com|232-63-9029|2aba0ae3-0df6-4ce3-9c68-6f5a74d96d27
1-City1|Morie|Chetwind|mchetwindr4@microsoft.com|744-17-2637|459fa371-0bf2-4e45-8c1c-3a5554a0caab
1-City1|Derby|Loude|dlouder5@bloomberg.com|536-63-4230|e6778724-c740-43cc-9d7e-2a01decb7b20
1-City1|Cynthia|Heisler|cheislerr6@qq.com|264-81-8724|bd7161f9-cafe-4963-a7ff-37e3cb54fb41
1-City1|Gal|Groundwator|ggroundwatorr7@facebook.com|539-14-1581|57941608-491a-4fda-98ec-a7f8061ea9db
2-City2|Federico|Barribal|fbarribalr8@disqus.com|871-53-1777|24c2263f-bf82-461d-8d5b-cd9bf62f8ba5
2-City2|Elisha|Lowrie|elowrier9@diigo.com|218-59-7064|ccbdcb0c-7ee9-4083-b4bd-cd336d4702a3
1-City1|Klement|Bohl|kbohlra@about.com|314-06-1050|92f25c8d-e671-4d62-abc5-0bbf9b64ac94
1-City1|Lillis|Musso|lmussorb@shinystat.com|114-64-4584|2989860a-b576-438c-8526-9233317d6c3c
1-City1|Camille|Corkill|ccorkillrc@engadget.com|797-01-1092|0dbccf9e-100d-4a3a-a9fc-6b4ad2e01bd8
2-City2|Editha|Siseland|esiselandrd@cornell.edu|115-80-6676|29cf731b-6975-411e-88f3-fa6af6ad5364
1-City1|Eileen|Tackley|etackleyre@elpais.com|616-48-8192|1bec9bb8-5ba2-4e2e-8312-050581bebf93
1-City1|Lizbeth|Bloan|lbloanrf@nasa.gov|478-05-3077|eacb7648-9a9c-4019-885e-7ac1ffc4de46
2-City2|Consuela|Hannond|channondrg@umich.edu|426-24-3180|8bcc7c53-1285-40ec-9e10-7f605324aa56
2-City2|Gallard|Lippiello|glippiellorh@ucla.edu|265-92-7458|32653d8c-21f6-49ae-9e1f-79315daf53f7
2-City2|Gillian|Sickling|gsicklingri@mac.com|238-81-9777|f350ff91-ac14-4346-bffd-685ea12fae50
2-City2|Deanna|Chasteney|dchasteneyrj@skyrock.com|477-42-2937|0f0e5ce0-44a4-4d85-8589-654b0a80e53f
2-City2|Polly|Crebo|pcrebork@cargocollective.com|832-17-7199|759b1bf3-89ae-4e1d-ae17-08341d9748ec
2-City2|Amye|Deedes|adeedesrl@flickr.com|264-12-8490|cf5ab159-40e8-4906-a2b6-aa95e2223c5e
1-City1|Yetty|Mingey|ymingeyrm@forbes.com|240-59-6460|53accd00-4fcd-4770-9005-660bdbc1631a
2-City2|Rodrique|Catenot|rcatenotrn@go.com|393-66-5445|df034aff-bbf4-4133-be58-bca0a3e9c3da
1-City1|Paolina|Colombier|pcolombierro@sfgate.com|879-86-9430|2aec0dc5-3836-4f23-be52-45afca26c896
2-City2|Odilia|Fawbert|ofawbertrp@webmd.com|342-59-9010|a9efc6d3-9f57-4773-bcef-3bc551d8c029
1-City1|Augustus|MacAlroy|amacalroyrq@yellowpages.com|236-48-5799|36f797c5-e219-4e92-aa9b-812fa9150e48
2-City2|Jewell|Wahncke|jwahnckerr@sphinn.com|191-14-2062|523f1d86-07ad-4e8f-a512-566f93e4f815
